nohup: ignoring input
At file:///home/pablo_perez92/stream-project/hls/**, worker process 155163 thread 140137062688576 listed 1...
Copying file:///home/pablo_perez92/stream-project/hls/TEST-0.ts to gs://tfg-stream-bucket-2026/TEST-0.ts
  
..
At file:///home/pablo_perez92/stream-project/hls/**, worker process 155210 thread 140212478633792 listed 3...
At gs://tfg-stream-bucket-2026/**, worker process 155210 thread 140212478633792 listed 1...
Copying file:///home/pablo_perez92/stream-project/hls/TEST-0.ts to gs://tfg-stream-bucket-2026/TEST-0.ts
Copying file:///home/pablo_perez92/stream-project/hls/TEST-1.ts to gs://tfg-stream-bucket-2026/TEST-1.ts
  
Copying file:///home/pablo_perez92/stream-project/hls/TEST.m3u8 to gs://tfg-stream-bucket-2026/TEST.m3u8
.

Average throughput: 76.9MiB/s
At file:///home/pablo_perez92/stream-project/hls/**, worker process 155255 thread 140696522348352 listed 3...
At gs://tfg-stream-bucket-2026/**, worker process 155255 thread 140696522348352 listed 3...
Copying file:///home/pablo_perez92/stream-project/hls/TEST-1.ts to gs://tfg-stream-bucket-2026/TEST-1.ts
  
.
At file:///home/pablo_perez92/stream-project/hls/**, worker process 155300 thread 140064424032064 listed 3...
At gs://tfg-stream-bucket-2026/**, worker process 155300 thread 140064424032064 listed 3...
Copying file:///home/pablo_perez92/stream-project/hls/TEST-1.ts to gs://tfg-stream-bucket-2026/TEST-1.ts
  
..
At file:///home/pablo_perez92/stream-project/hls/**, worker process 155346 thread 140605849954112 listed 4...
At gs://tfg-stream-bucket-2026/**, worker process 155346 thread 140605849954112 listed 3...
Copying file:///home/pablo_perez92/stream-project/hls/TEST-1.ts to gs://tfg-stream-bucket-2026/TEST-1.ts
Copying file:///home/pablo_perez92/stream-project/hls/TEST-2.ts to gs://tfg-stream-bucket-2026/TEST-2.ts
  
Copying file:///home/pablo_perez92/stream-project/hls/TEST.m3u8 to gs://tfg-stream-bucket-2026/TEST.m3u8
.

Average throughput: 112.6MiB/s
At file:///home/pablo_perez92/stream-project/hls/**, worker process 155392 thread 139661729736512 listed 4...
At gs://tfg-stream-bucket-2026/**, worker process 155392 thread 139661729736512 listed 4...
Copying file:///home/pablo_perez92/stream-project/hls/TEST-2.ts to gs://tfg-stream-bucket-2026/TEST-2.ts
  
..
At file:///home/pablo_perez92/stream-project/hls/**, worker process 155437 thread 140373510215488 listed 4...
At gs://tfg-stream-bucket-2026/**, worker process 155437 thread 140373510215488 listed 4...
Copying file:///home/pablo_perez92/stream-project/hls/TEST-2.ts to gs://tfg-stream-bucket-2026/TEST-2.ts
  
..
At file:///home/pablo_perez92/stream-project/hls/**, worker process 155483 thread 140215046055744 listed 5...
At gs://tfg-stream-bucket-2026/**, worker process 155483 thread 140215046055744 listed 4...
Copying file:///home/pablo_perez92/stream-project/hls/TEST-2.ts to gs://tfg-stream-bucket-2026/TEST-2.ts
Copying file:///home/pablo_perez92/stream-project/hls/TEST-3.ts to gs://tfg-stream-bucket-2026/TEST-3.ts
  
Copying file:///home/pablo_perez92/stream-project/hls/TEST.m3u8 to gs://tfg-stream-bucket-2026/TEST.m3u8
.

Average throughput: 95.1MiB/s
At file:///home/pablo_perez92/stream-project/hls/**, worker process 155529 thread 139996361230144 listed 5...
At gs://tfg-stream-bucket-2026/**, worker process 155529 thread 139996361230144 listed 5...
Copying file:///home/pablo_perez92/stream-project/hls/TEST-3.ts to gs://tfg-stream-bucket-2026/TEST-3.ts
  
.
At file:///home/pablo_perez92/stream-project/hls/**, worker process 155574 thread 140199408301888 listed 5...
At gs://tfg-stream-bucket-2026/**, worker process 155574 thread 140199408301888 listed 5...
Copying file:///home/pablo_perez92/stream-project/hls/TEST-3.ts to gs://tfg-stream-bucket-2026/TEST-3.ts
  
..
At file:///home/pablo_perez92/stream-project/hls/**, worker process 155620 thread 140112250185536 listed 6...
At gs://tfg-stream-bucket-2026/**, worker process 155620 thread 140112250185536 listed 5...
Copying file:///home/pablo_perez92/stream-project/hls/TEST-3.ts to gs://tfg-stream-bucket-2026/TEST-3.ts
Copying file:///home/pablo_perez92/stream-project/hls/TEST-4.ts to gs://tfg-stream-bucket-2026/TEST-4.ts
  
Copying file:///home/pablo_perez92/stream-project/hls/TEST.m3u8 to gs://tfg-stream-bucket-2026/TEST.m3u8
..

Average throughput: 81.6MiB/s
At file:///home/pablo_perez92/stream-project/hls/**, worker process 155665 thread 140193072162624 listed 6...
At gs://tfg-stream-bucket-2026/**, worker process 155665 thread 140193072162624 listed 6...
Copying file:///home/pablo_perez92/stream-project/hls/TEST-4.ts to gs://tfg-stream-bucket-2026/TEST-4.ts
  
.
At file:///home/pablo_perez92/stream-project/hls/**, worker process 155711 thread 140472075114304 listed 6...
At gs://tfg-stream-bucket-2026/**, worker process 155711 thread 140472075114304 listed 6...
Copying file:///home/pablo_perez92/stream-project/hls/TEST-4.ts to gs://tfg-stream-bucket-2026/TEST-4.ts
  
..
At file:///home/pablo_perez92/stream-project/hls/**, worker process 155756 thread 139988097496896 listed 7...
At gs://tfg-stream-bucket-2026/**, worker process 155756 thread 139988097496896 listed 6...
Copying file:///home/pablo_perez92/stream-project/hls/TEST-4.ts to gs://tfg-stream-bucket-2026/TEST-4.ts
Copying file:///home/pablo_perez92/stream-project/hls/TEST-5.ts to gs://tfg-stream-bucket-2026/TEST-5.ts
  
Copying file:///home/pablo_perez92/stream-project/hls/TEST.m3u8 to gs://tfg-stream-bucket-2026/TEST.m3u8
..

Average throughput: 87.3MiB/s
At file:///home/pablo_perez92/stream-project/hls/**, worker process 155801 thread 139671816558400 listed 7...
At gs://tfg-stream-bucket-2026/**, worker process 155801 thread 139671816558400 listed 7...
Copying file:///home/pablo_perez92/stream-project/hls/TEST-5.ts to gs://tfg-stream-bucket-2026/TEST-5.ts
  
..
At file:///home/pablo_perez92/stream-project/hls/**, worker process 155847 thread 140136744036160 listed 7...
At gs://tfg-stream-bucket-2026/**, worker process 155847 thread 140136744036160 listed 7...
Copying file:///home/pablo_perez92/stream-project/hls/TEST-5.ts to gs://tfg-stream-bucket-2026/TEST-5.ts
  
.
At file:///home/pablo_perez92/stream-project/hls/**, worker process 155892 thread 140021283972928 listed 8...
At gs://tfg-stream-bucket-2026/**, worker process 155892 thread 140021283972928 listed 7...
Copying file:///home/pablo_perez92/stream-project/hls/TEST-5.ts to gs://tfg-stream-bucket-2026/TEST-5.ts
Copying file:///home/pablo_perez92/stream-project/hls/TEST-6.ts to gs://tfg-stream-bucket-2026/TEST-6.ts
  
Copying file:///home/pablo_perez92/stream-project/hls/TEST.m3u8 to gs://tfg-stream-bucket-2026/TEST.m3u8
.

Average throughput: 79.3MiB/s
At file:///home/pablo_perez92/stream-project/hls/**, worker process 155937 thread 140059810797376 listed 8...
At gs://tfg-stream-bucket-2026/**, worker process 155937 thread 140059810797376 listed 8...
Copying file:///home/pablo_perez92/stream-project/hls/TEST-6.ts to gs://tfg-stream-bucket-2026/TEST-6.ts
  
.
At file:///home/pablo_perez92/stream-project/hls/**, worker process 155982 thread 140203480196928 listed 8...
At gs://tfg-stream-bucket-2026/**, worker process 155982 thread 140203480196928 listed 8...
Copying file:///home/pablo_perez92/stream-project/hls/TEST-6.ts to gs://tfg-stream-bucket-2026/TEST-6.ts
  
.
At file:///home/pablo_perez92/stream-project/hls/**, worker process 156028 thread 139647320438592 listed 9...
At gs://tfg-stream-bucket-2026/**, worker process 156028 thread 139647320438592 listed 8...
Copying file:///home/pablo_perez92/stream-project/hls/TEST-6.ts to gs://tfg-stream-bucket-2026/TEST-6.ts
Copying file:///home/pablo_perez92/stream-project/hls/TEST-7.ts to gs://tfg-stream-bucket-2026/TEST-7.ts
  
Copying file:///home/pablo_perez92/stream-project/hls/TEST.m3u8 to gs://tfg-stream-bucket-2026/TEST.m3u8
..

Average throughput: 61.7MiB/s
At file:///home/pablo_perez92/stream-project/hls/**, worker process 156076 thread 140421556754240 listed 9...
At gs://tfg-stream-bucket-2026/**, worker process 156076 thread 140421556754240 listed 9...
Copying file:///home/pablo_perez92/stream-project/hls/TEST-7.ts to gs://tfg-stream-bucket-2026/TEST-7.ts
  
.
At file:///home/pablo_perez92/stream-project/hls/**, worker process 156121 thread 139823704209216 listed 9...
At gs://tfg-stream-bucket-2026/**, worker process 156121 thread 139823704209216 listed 9...
Copying file:///home/pablo_perez92/stream-project/hls/TEST-7.ts to gs://tfg-stream-bucket-2026/TEST-7.ts
  
..
At file:///home/pablo_perez92/stream-project/hls/**, worker process 156167 thread 139960534239040 listed 10...
At gs://tfg-stream-bucket-2026/**, worker process 156167 thread 139960534239040 listed 9...
Copying file:///home/pablo_perez92/stream-project/hls/TEST-7.ts to gs://tfg-stream-bucket-2026/TEST-7.ts
Copying file:///home/pablo_perez92/stream-project/hls/TEST-8.ts to gs://tfg-stream-bucket-2026/TEST-8.ts
  
Copying file:///home/pablo_perez92/stream-project/hls/TEST.m3u8 to gs://tfg-stream-bucket-2026/TEST.m3u8
.

Average throughput: 83.5MiB/s
At file:///home/pablo_perez92/stream-project/hls/**, worker process 156212 thread 140123832842048 listed 10...
At gs://tfg-stream-bucket-2026/**, worker process 156212 thread 140123832842048 listed 10...
Copying file:///home/pablo_perez92/stream-project/hls/TEST-8.ts to gs://tfg-stream-bucket-2026/TEST-8.ts
  
..
At file:///home/pablo_perez92/stream-project/hls/**, worker process 156257 thread 139654491277120 listed 10...
At gs://tfg-stream-bucket-2026/**, worker process 156257 thread 139654491277120 listed 10...
Copying file:///home/pablo_perez92/stream-project/hls/TEST-8.ts to gs://tfg-stream-bucket-2026/TEST-8.ts
  
.
At file:///home/pablo_perez92/stream-project/hls/**, worker process 156302 thread 139786200135488 listed 11...
At gs://tfg-stream-bucket-2026/**, worker process 156302 thread 139786200135488 listed 10...
Copying file:///home/pablo_perez92/stream-project/hls/TEST-8.ts to gs://tfg-stream-bucket-2026/TEST-8.ts
Copying file:///home/pablo_perez92/stream-project/hls/TEST-9.ts to gs://tfg-stream-bucket-2026/TEST-9.ts
  
Copying file:///home/pablo_perez92/stream-project/hls/TEST.m3u8 to gs://tfg-stream-bucket-2026/TEST.m3u8
..

Average throughput: 102.7MiB/s
At file:///home/pablo_perez92/stream-project/hls/**, worker process 156348 thread 139819256948544 listed 11...
At gs://tfg-stream-bucket-2026/**, worker process 156348 thread 139819256948544 listed 11...
Copying file:///home/pablo_perez92/stream-project/hls/TEST-9.ts to gs://tfg-stream-bucket-2026/TEST-9.ts
  
..
At file:///home/pablo_perez92/stream-project/hls/**, worker process 156393 thread 140586182063936 listed 12...
At gs://tfg-stream-bucket-2026/**, worker process 156393 thread 140586182063936 listed 11...
Copying file:///home/pablo_perez92/stream-project/hls/TEST-10.ts to gs://tfg-stream-bucket-2026/TEST-10.ts
Copying file:///home/pablo_perez92/stream-project/hls/TEST-9.ts to gs://tfg-stream-bucket-2026/TEST-9.ts
  
Copying file:///home/pablo_perez92/stream-project/hls/TEST.m3u8 to gs://tfg-stream-bucket-2026/TEST.m3u8
.

Average throughput: 73.8MiB/s
At file:///home/pablo_perez92/stream-project/hls/**, worker process 156438 thread 139651771864896 listed 12...
At gs://tfg-stream-bucket-2026/**, worker process 156438 thread 139651771864896 listed 12...
Copying file:///home/pablo_perez92/stream-project/hls/TEST-10.ts to gs://tfg-stream-bucket-2026/TEST-10.ts
  
.
At file:///home/pablo_perez92/stream-project/hls/**, worker process 156483 thread 140688554878784 listed 12...
At gs://tfg-stream-bucket-2026/**, worker process 156483 thread 140688554878784 listed 12...
Copying file:///home/pablo_perez92/stream-project/hls/TEST-10.ts to gs://tfg-stream-bucket-2026/TEST-10.ts
  
..
At file:///home/pablo_perez92/stream-project/hls/**, worker process 156529 thread 139691415193408 listed 13...
At gs://tfg-stream-bucket-2026/**, worker process 156529 thread 139691415193408 listed 12...
Copying file:///home/pablo_perez92/stream-project/hls/TEST-10.ts to gs://tfg-stream-bucket-2026/TEST-10.ts
Copying file:///home/pablo_perez92/stream-project/hls/TEST-11.ts to gs://tfg-stream-bucket-2026/TEST-11.ts
  
Copying file:///home/pablo_perez92/stream-project/hls/TEST.m3u8 to gs://tfg-stream-bucket-2026/TEST.m3u8
.

Average throughput: 75.3MiB/s
At file:///home/pablo_perez92/stream-project/hls/**, worker process 156574 thread 140566044141376 listed 13...
At gs://tfg-stream-bucket-2026/**, worker process 156574 thread 140566044141376 listed 13...
Copying file:///home/pablo_perez92/stream-project/hls/TEST-11.ts to gs://tfg-stream-bucket-2026/TEST-11.ts
  
.
At file:///home/pablo_perez92/stream-project/hls/**, worker process 156619 thread 140559720040256 listed 13...
At gs://tfg-stream-bucket-2026/**, worker process 156619 thread 140559720040256 listed 13...
Copying file:///home/pablo_perez92/stream-project/hls/TEST-11.ts to gs://tfg-stream-bucket-2026/TEST-11.ts
  
..
At file:///home/pablo_perez92/stream-project/hls/**, worker process 156741 thread 140318090880832 listed 14...
At gs://tfg-stream-bucket-2026/**, worker process 156741 thread 140318090880832 listed 13...
Copying file:///home/pablo_perez92/stream-project/hls/TEST-11.ts to gs://tfg-stream-bucket-2026/TEST-11.ts
Copying file:///home/pablo_perez92/stream-project/hls/TEST-12.ts to gs://tfg-stream-bucket-2026/TEST-12.ts
  
Copying file:///home/pablo_perez92/stream-project/hls/TEST.m3u8 to gs://tfg-stream-bucket-2026/TEST.m3u8
.

Average throughput: 64.6MiB/s
At file:///home/pablo_perez92/stream-project/hls/**, worker process 156786 thread 140322628077376 listed 14...
At gs://tfg-stream-bucket-2026/**, worker process 156786 thread 140322628077376 listed 14...
Copying file:///home/pablo_perez92/stream-project/hls/TEST-12.ts to gs://tfg-stream-bucket-2026/TEST-12.ts
  
.
At file:///home/pablo_perez92/stream-project/hls/**, worker process 156831 thread 140652018181952 listed 14...
At gs://tfg-stream-bucket-2026/**, worker process 156831 thread 140652018181952 listed 14...
Copying file:///home/pablo_perez92/stream-project/hls/TEST-12.ts to gs://tfg-stream-bucket-2026/TEST-12.ts
  
.
At file:///home/pablo_perez92/stream-project/hls/**, worker process 156876 thread 139858093913920 listed 14...
At gs://tfg-stream-bucket-2026/**, worker process 156876 thread 139858093913920 listed 14...
Copying file:///home/pablo_perez92/stream-project/hls/TEST-12.ts to gs://tfg-stream-bucket-2026/TEST-12.ts
Copying file:///home/pablo_perez92/stream-project/hls/TEST.m3u8 to gs://tfg-stream-bucket-2026/TEST.m3u8
  
.

Average throughput: 56.1MiB/s
At file:///home/pablo_perez92/stream-project/hls/**, worker process 156922 thread 140666549950272 listed 15...
At gs://tfg-stream-bucket-2026/**, worker process 156922 thread 140666549950272 listed 14...
Copying file:///home/pablo_perez92/stream-project/hls/TEST-13.ts to gs://tfg-stream-bucket-2026/TEST-13.ts
  
.
At file:///home/pablo_perez92/stream-project/hls/**, worker process 156967 thread 140141735892800 listed 15...
At gs://tfg-stream-bucket-2026/**, worker process 156967 thread 140141735892800 listed 15...
Copying file:///home/pablo_perez92/stream-project/hls/TEST-13.ts to gs://tfg-stream-bucket-2026/TEST-13.ts
  
..
At file:///home/pablo_perez92/stream-project/hls/**, worker process 157012 thread 140099347085120 listed 16...
At gs://tfg-stream-bucket-2026/**, worker process 157012 thread 140099347085120 listed 15...
Copying file:///home/pablo_perez92/stream-project/hls/TEST-13.ts to gs://tfg-stream-bucket-2026/TEST-13.ts
Copying file:///home/pablo_perez92/stream-project/hls/TEST-14.ts to gs://tfg-stream-bucket-2026/TEST-14.ts
  
Copying file:///home/pablo_perez92/stream-project/hls/TEST.m3u8 to gs://tfg-stream-bucket-2026/TEST.m3u8
.

Average throughput: 88.3MiB/s
At file:///home/pablo_perez92/stream-project/hls/**, worker process 157058 thread 140175710562112 listed 16...
At gs://tfg-stream-bucket-2026/**, worker process 157058 thread 140175710562112 listed 16...
Copying file:///home/pablo_perez92/stream-project/hls/TEST-14.ts to gs://tfg-stream-bucket-2026/TEST-14.ts
  
.
At file:///home/pablo_perez92/stream-project/hls/**, worker process 157103 thread 139966593738560 listed 16...
At gs://tfg-stream-bucket-2026/**, worker process 157103 thread 139966593738560 listed 16...
Copying file:///home/pablo_perez92/stream-project/hls/TEST-14.ts to gs://tfg-stream-bucket-2026/TEST-14.ts
  
..
At file:///home/pablo_perez92/stream-project/hls/**, worker process 157152 thread 140290334029632 listed 17...
At gs://tfg-stream-bucket-2026/**, worker process 157152 thread 140290334029632 listed 16...
Copying file:///home/pablo_perez92/stream-project/hls/TEST-14.ts to gs://tfg-stream-bucket-2026/TEST-14.ts
Copying file:///home/pablo_perez92/stream-project/hls/TEST-15.ts to gs://tfg-stream-bucket-2026/TEST-15.ts
  
Copying file:///home/pablo_perez92/stream-project/hls/TEST.m3u8 to gs://tfg-stream-bucket-2026/TEST.m3u8
.

Average throughput: 52.6MiB/s
At file:///home/pablo_perez92/stream-project/hls/**, worker process 157197 thread 140069041010496 listed 17...
At gs://tfg-stream-bucket-2026/**, worker process 157197 thread 140069041010496 listed 17...
Copying file:///home/pablo_perez92/stream-project/hls/TEST-15.ts to gs://tfg-stream-bucket-2026/TEST-15.ts
  
.
At file:///home/pablo_perez92/stream-project/hls/**, worker process 157243 thread 140306385786688 listed 17...
At gs://tfg-stream-bucket-2026/**, worker process 157243 thread 140306385786688 listed 17...
Copying file:///home/pablo_perez92/stream-project/hls/TEST-15.ts to gs://tfg-stream-bucket-2026/TEST-15.ts
  
..
At file:///home/pablo_perez92/stream-project/hls/**, worker process 157288 thread 140077586843456 listed 18...
At gs://tfg-stream-bucket-2026/**, worker process 157288 thread 140077586843456 listed 17...
Copying file:///home/pablo_perez92/stream-project/hls/TEST-15.ts to gs://tfg-stream-bucket-2026/TEST-15.ts
Copying file:///home/pablo_perez92/stream-project/hls/TEST-16.ts to gs://tfg-stream-bucket-2026/TEST-16.ts
  
Copying file:///home/pablo_perez92/stream-project/hls/TEST.m3u8 to gs://tfg-stream-bucket-2026/TEST.m3u8
.

Average throughput: 62.9MiB/s
At file:///home/pablo_perez92/stream-project/hls/**, worker process 157333 thread 140516945483584 listed 18...
At gs://tfg-stream-bucket-2026/**, worker process 157333 thread 140516945483584 listed 18...
Copying file:///home/pablo_perez92/stream-project/hls/TEST-16.ts to gs://tfg-stream-bucket-2026/TEST-16.ts
  
.
At file:///home/pablo_perez92/stream-project/hls/**, worker process 157379 thread 140095319914304 listed 18...
At gs://tfg-stream-bucket-2026/**, worker process 157379 thread 140095319914304 listed 18...
Copying file:///home/pablo_perez92/stream-project/hls/TEST-16.ts to gs://tfg-stream-bucket-2026/TEST-16.ts
  
..
At file:///home/pablo_perez92/stream-project/hls/**, worker process 157424 thread 139788030768960 listed 19...
At gs://tfg-stream-bucket-2026/**, worker process 157424 thread 139788030768960 listed 18...
Copying file:///home/pablo_perez92/stream-project/hls/TEST-16.ts to gs://tfg-stream-bucket-2026/TEST-16.ts
Copying file:///home/pablo_perez92/stream-project/hls/TEST-17.ts to gs://tfg-stream-bucket-2026/TEST-17.ts
  
Copying file:///home/pablo_perez92/stream-project/hls/TEST.m3u8 to gs://tfg-stream-bucket-2026/TEST.m3u8
.

Average throughput: 88.0MiB/s
At file:///home/pablo_perez92/stream-project/hls/**, worker process 157469 thread 139849714145088 listed 19...
At gs://tfg-stream-bucket-2026/**, worker process 157469 thread 139849714145088 listed 19...
Copying file:///home/pablo_perez92/stream-project/hls/TEST-17.ts to gs://tfg-stream-bucket-2026/TEST-17.ts
  
.
At file:///home/pablo_perez92/stream-project/hls/**, worker process 157514 thread 139981185128256 listed 19...
At gs://tfg-stream-bucket-2026/**, worker process 157514 thread 139981185128256 listed 19...
Copying file:///home/pablo_perez92/stream-project/hls/TEST-17.ts to gs://tfg-stream-bucket-2026/TEST-17.ts
  
..
At file:///home/pablo_perez92/stream-project/hls/**, worker process 157560 thread 140221896308544 listed 20...
At gs://tfg-stream-bucket-2026/**, worker process 157560 thread 140221896308544 listed 19...
Copying file:///home/pablo_perez92/stream-project/hls/TEST-17.ts to gs://tfg-stream-bucket-2026/TEST-17.ts
Copying file:///home/pablo_perez92/stream-project/hls/TEST-18.ts to gs://tfg-stream-bucket-2026/TEST-18.ts
  
Copying file:///home/pablo_perez92/stream-project/hls/TEST.m3u8 to gs://tfg-stream-bucket-2026/TEST.m3u8
.

Average throughput: 70.6MiB/s
At file:///home/pablo_perez92/stream-project/hls/**, worker process 157605 thread 139878574827328 listed 20...
At gs://tfg-stream-bucket-2026/**, worker process 157605 thread 139878574827328 listed 20...
Copying file:///home/pablo_perez92/stream-project/hls/TEST-18.ts to gs://tfg-stream-bucket-2026/TEST-18.ts
  
.
At file:///home/pablo_perez92/stream-project/hls/**, worker process 157650 thread 140031617775424 listed 20...
At gs://tfg-stream-bucket-2026/**, worker process 157650 thread 140031617775424 listed 20...
Copying file:///home/pablo_perez92/stream-project/hls/TEST-18.ts to gs://tfg-stream-bucket-2026/TEST-18.ts
  
..
At file:///home/pablo_perez92/stream-project/hls/**, worker process 157695 thread 139642902636352 listed 21...
At gs://tfg-stream-bucket-2026/**, worker process 157695 thread 139642902636352 listed 20...
Copying file:///home/pablo_perez92/stream-project/hls/TEST-18.ts to gs://tfg-stream-bucket-2026/TEST-18.ts
Copying file:///home/pablo_perez92/stream-project/hls/TEST-19.ts to gs://tfg-stream-bucket-2026/TEST-19.ts
  
Copying file:///home/pablo_perez92/stream-project/hls/TEST.m3u8 to gs://tfg-stream-bucket-2026/TEST.m3u8
.

Average throughput: 59.2MiB/s
At file:///home/pablo_perez92/stream-project/hls/**, worker process 157741 thread 140318960727872 listed 21...
At gs://tfg-stream-bucket-2026/**, worker process 157741 thread 140318960727872 listed 21...
Copying file:///home/pablo_perez92/stream-project/hls/TEST-19.ts to gs://tfg-stream-bucket-2026/TEST-19.ts
  
.
At file:///home/pablo_perez92/stream-project/hls/**, worker process 157786 thread 139817148761920 listed 21...
At gs://tfg-stream-bucket-2026/**, worker process 157786 thread 139817148761920 listed 21...
Copying file:///home/pablo_perez92/stream-project/hls/TEST-19.ts to gs://tfg-stream-bucket-2026/TEST-19.ts
  
..
At file:///home/pablo_perez92/stream-project/hls/**, worker process 157831 thread 140492483331904 listed 17...
At gs://tfg-stream-bucket-2026/**, worker process 157831 thread 140492483331904 listed 21...
  
Removing gs://tfg-stream-bucket-2026/TEST-0.ts#1775305440277686...
Copying file:///home/pablo_perez92/stream-project/hls/TEST-19.ts to gs://tfg-stream-bucket-2026/TEST-19.ts
Copying file:///home/pablo_perez92/stream-project/hls/TEST-20.ts to gs://tfg-stream-bucket-2026/TEST-20.ts
Removing gs://tfg-stream-bucket-2026/TEST-1.ts#1775305448683818...
Copying file:///home/pablo_perez92/stream-project/hls/TEST.m3u8 to gs://tfg-stream-bucket-2026/TEST.m3u8
Removing gs://tfg-stream-bucket-2026/TEST-2.ts#1775305457285717...
Removing gs://tfg-stream-bucket-2026/TEST-3.ts#1775305465632599...
Removing gs://tfg-stream-bucket-2026/TEST-4.ts#1775305474213626...
.

Average throughput: 128.0MiB/s
At file:///home/pablo_perez92/stream-project/hls/**, worker process 157956 thread 140530240726848 listed 17...
At gs://tfg-stream-bucket-2026/**, worker process 157956 thread 140530240726848 listed 17...
Copying file:///home/pablo_perez92/stream-project/hls/TEST-20.ts to gs://tfg-stream-bucket-2026/TEST-20.ts
  
.
At file:///home/pablo_perez92/stream-project/hls/**, worker process 158001 thread 139626251388736 listed 17...
At gs://tfg-stream-bucket-2026/**, worker process 158001 thread 139626251388736 listed 17...
Copying file:///home/pablo_perez92/stream-project/hls/TEST-20.ts to gs://tfg-stream-bucket-2026/TEST-20.ts
  
..
At file:///home/pablo_perez92/stream-project/hls/**, worker process 158046 thread 140523106195264 listed 18...
At gs://tfg-stream-bucket-2026/**, worker process 158046 thread 140523106195264 listed 17...
Copying file:///home/pablo_perez92/stream-project/hls/TEST-20.ts to gs://tfg-stream-bucket-2026/TEST-20.ts
Copying file:///home/pablo_perez92/stream-project/hls/TEST-21.ts to gs://tfg-stream-bucket-2026/TEST-21.ts
  
Copying file:///home/pablo_perez92/stream-project/hls/TEST.m3u8 to gs://tfg-stream-bucket-2026/TEST.m3u8
.

Average throughput: 75.5MiB/s
At file:///home/pablo_perez92/stream-project/hls/**, worker process 158091 thread 140002411763520 listed 18...
At gs://tfg-stream-bucket-2026/**, worker process 158091 thread 140002411763520 listed 18...
Copying file:///home/pablo_perez92/stream-project/hls/TEST-21.ts to gs://tfg-stream-bucket-2026/TEST-21.ts
  
.
At file:///home/pablo_perez92/stream-project/hls/**, worker process 158137 thread 139968688326464 listed 18...
At gs://tfg-stream-bucket-2026/**, worker process 158137 thread 139968688326464 listed 18...
Copying file:///home/pablo_perez92/stream-project/hls/TEST-21.ts to gs://tfg-stream-bucket-2026/TEST-21.ts
  
..
At file:///home/pablo_perez92/stream-project/hls/**, worker process 158185 thread 140549184444224 listed 19...
At gs://tfg-stream-bucket-2026/**, worker process 158185 thread 140549184444224 listed 18...
Copying file:///home/pablo_perez92/stream-project/hls/TEST-21.ts to gs://tfg-stream-bucket-2026/TEST-21.ts
Copying file:///home/pablo_perez92/stream-project/hls/TEST-22.ts to gs://tfg-stream-bucket-2026/TEST-22.ts
  
Copying file:///home/pablo_perez92/stream-project/hls/TEST.m3u8 to gs://tfg-stream-bucket-2026/TEST.m3u8
.

Average throughput: 72.9MiB/s
At file:///home/pablo_perez92/stream-project/hls/**, worker process 158230 thread 139799395436352 listed 19...
At gs://tfg-stream-bucket-2026/**, worker process 158230 thread 139799395436352 listed 19...
Copying file:///home/pablo_perez92/stream-project/hls/TEST-22.ts to gs://tfg-stream-bucket-2026/TEST-22.ts
  
.
At file:///home/pablo_perez92/stream-project/hls/**, worker process 158276 thread 139728370280256 listed 19...
At gs://tfg-stream-bucket-2026/**, worker process 158276 thread 139728370280256 listed 19...
Copying file:///home/pablo_perez92/stream-project/hls/TEST-22.ts to gs://tfg-stream-bucket-2026/TEST-22.ts
  
..
At file:///home/pablo_perez92/stream-project/hls/**, worker process 158321 thread 140494674667328 listed 20...
At gs://tfg-stream-bucket-2026/**, worker process 158321 thread 140494674667328 listed 19...
Copying file:///home/pablo_perez92/stream-project/hls/TEST-22.ts to gs://tfg-stream-bucket-2026/TEST-22.ts
Copying file:///home/pablo_perez92/stream-project/hls/TEST-23.ts to gs://tfg-stream-bucket-2026/TEST-23.ts
  
Copying file:///home/pablo_perez92/stream-project/hls/TEST.m3u8 to gs://tfg-stream-bucket-2026/TEST.m3u8
..

Average throughput: 60.6MiB/s
At file:///home/pablo_perez92/stream-project/hls/**, worker process 158366 thread 139859046643520 listed 20...
At gs://tfg-stream-bucket-2026/**, worker process 158366 thread 139859046643520 listed 20...
Copying file:///home/pablo_perez92/stream-project/hls/TEST-23.ts to gs://tfg-stream-bucket-2026/TEST-23.ts
  
.
At file:///home/pablo_perez92/stream-project/hls/**, worker process 158411 thread 139677278279488 listed 20...
At gs://tfg-stream-bucket-2026/**, worker process 158411 thread 139677278279488 listed 20...
Copying file:///home/pablo_perez92/stream-project/hls/TEST-23.ts to gs://tfg-stream-bucket-2026/TEST-23.ts
  
..
At file:///home/pablo_perez92/stream-project/hls/**, worker process 158457 thread 140464934639424 listed 21...
At gs://tfg-stream-bucket-2026/**, worker process 158457 thread 140464934639424 listed 20...
Copying file:///home/pablo_perez92/stream-project/hls/TEST-23.ts to gs://tfg-stream-bucket-2026/TEST-23.ts
Copying file:///home/pablo_perez92/stream-project/hls/TEST-24.ts to gs://tfg-stream-bucket-2026/TEST-24.ts
  
Copying file:///home/pablo_perez92/stream-project/hls/TEST.m3u8 to gs://tfg-stream-bucket-2026/TEST.m3u8
.

Average throughput: 62.1MiB/s
At file:///home/pablo_perez92/stream-project/hls/**, worker process 158502 thread 140468488419136 listed 21...
At gs://tfg-stream-bucket-2026/**, worker process 158502 thread 140468488419136 listed 21...
Copying file:///home/pablo_perez92/stream-project/hls/TEST-24.ts to gs://tfg-stream-bucket-2026/TEST-24.ts
  
.
At file:///home/pablo_perez92/stream-project/hls/**, worker process 158547 thread 139887632435008 listed 21...
At gs://tfg-stream-bucket-2026/**, worker process 158547 thread 139887632435008 listed 21...
Copying file:///home/pablo_perez92/stream-project/hls/TEST-24.ts to gs://tfg-stream-bucket-2026/TEST-24.ts
  
..
At file:///home/pablo_perez92/stream-project/hls/**, worker process 158593 thread 140163916498752 listed 22...
At gs://tfg-stream-bucket-2026/**, worker process 158593 thread 140163916498752 listed 21...
Copying file:///home/pablo_perez92/stream-project/hls/TEST-24.ts to gs://tfg-stream-bucket-2026/TEST-24.ts
Copying file:///home/pablo_perez92/stream-project/hls/TEST-25.ts to gs://tfg-stream-bucket-2026/TEST-25.ts
  
Copying file:///home/pablo_perez92/stream-project/hls/TEST.m3u8 to gs://tfg-stream-bucket-2026/TEST.m3u8
.

Average throughput: 73.9MiB/s
At file:///home/pablo_perez92/stream-project/hls/**, worker process 158638 thread 139657213404992 listed 22...
At gs://tfg-stream-bucket-2026/**, worker process 158638 thread 139657213404992 listed 22...
Copying file:///home/pablo_perez92/stream-project/hls/TEST-25.ts to gs://tfg-stream-bucket-2026/TEST-25.ts
  
.
At file:///home/pablo_perez92/stream-project/hls/**, worker process 158683 thread 139980044056384 listed 22...
At gs://tfg-stream-bucket-2026/**, worker process 158683 thread 139980044056384 listed 22...
Copying file:///home/pablo_perez92/stream-project/hls/TEST-25.ts to gs://tfg-stream-bucket-2026/TEST-25.ts
  
..
At file:///home/pablo_perez92/stream-project/hls/**, worker process 158728 thread 140236597430080 listed 23...
At gs://tfg-stream-bucket-2026/**, worker process 158728 thread 140236597430080 listed 22...
Copying file:///home/pablo_perez92/stream-project/hls/TEST-25.ts to gs://tfg-stream-bucket-2026/TEST-25.ts
Copying file:///home/pablo_perez92/stream-project/hls/TEST-26.ts to gs://tfg-stream-bucket-2026/TEST-26.ts
  
Copying file:///home/pablo_perez92/stream-project/hls/TEST.m3u8 to gs://tfg-stream-bucket-2026/TEST.m3u8
.

Average throughput: 94.7MiB/s
At file:///home/pablo_perez92/stream-project/hls/**, worker process 158774 thread 140398817326912 listed 23...
At gs://tfg-stream-bucket-2026/**, worker process 158774 thread 140398817326912 listed 23...
Copying file:///home/pablo_perez92/stream-project/hls/TEST-26.ts to gs://tfg-stream-bucket-2026/TEST-26.ts
  
.
At file:///home/pablo_perez92/stream-project/hls/**, worker process 158819 thread 140701249546048 listed 23...
At gs://tfg-stream-bucket-2026/**, worker process 158819 thread 140701249546048 listed 23...
Copying file:///home/pablo_perez92/stream-project/hls/TEST-26.ts to gs://tfg-stream-bucket-2026/TEST-26.ts
  
..
At file:///home/pablo_perez92/stream-project/hls/**, worker process 158864 thread 140133683668800 listed 24...
At gs://tfg-stream-bucket-2026/**, worker process 158864 thread 140133683668800 listed 23...
Copying file:///home/pablo_perez92/stream-project/hls/TEST-26.ts to gs://tfg-stream-bucket-2026/TEST-26.ts
Copying file:///home/pablo_perez92/stream-project/hls/TEST-27.ts to gs://tfg-stream-bucket-2026/TEST-27.ts
  
Copying file:///home/pablo_perez92/stream-project/hls/TEST.m3u8 to gs://tfg-stream-bucket-2026/TEST.m3u8
.

Average throughput: 64.5MiB/s
At file:///home/pablo_perez92/stream-project/hls/**, worker process 158909 thread 140273549363008 listed 24...
At gs://tfg-stream-bucket-2026/**, worker process 158909 thread 140273549363008 listed 24...
Copying file:///home/pablo_perez92/stream-project/hls/TEST-27.ts to gs://tfg-stream-bucket-2026/TEST-27.ts
  
.
At file:///home/pablo_perez92/stream-project/hls/**, worker process 158955 thread 140339946927936 listed 24...
At gs://tfg-stream-bucket-2026/**, worker process 158955 thread 140339946927936 listed 24...
Copying file:///home/pablo_perez92/stream-project/hls/TEST-27.ts to gs://tfg-stream-bucket-2026/TEST-27.ts
  
..
At file:///home/pablo_perez92/stream-project/hls/**, worker process 159000 thread 140033204361024 listed 25...
At gs://tfg-stream-bucket-2026/**, worker process 159000 thread 140033204361024 listed 24...
Copying file:///home/pablo_perez92/stream-project/hls/TEST-27.ts to gs://tfg-stream-bucket-2026/TEST-27.ts
Copying file:///home/pablo_perez92/stream-project/hls/TEST-28.ts to gs://tfg-stream-bucket-2026/TEST-28.ts
  
Copying file:///home/pablo_perez92/stream-project/hls/TEST.m3u8 to gs://tfg-stream-bucket-2026/TEST.m3u8
.

Average throughput: 65.2MiB/s
At file:///home/pablo_perez92/stream-project/hls/**, worker process 159045 thread 140273497024320 listed 25...
At gs://tfg-stream-bucket-2026/**, worker process 159045 thread 140273497024320 listed 25...
Copying file:///home/pablo_perez92/stream-project/hls/TEST-28.ts to gs://tfg-stream-bucket-2026/TEST-28.ts
  
.
At file:///home/pablo_perez92/stream-project/hls/**, worker process 159091 thread 140539236009792 listed 25...
At gs://tfg-stream-bucket-2026/**, worker process 159091 thread 140539236009792 listed 25...
Copying file:///home/pablo_perez92/stream-project/hls/TEST-28.ts to gs://tfg-stream-bucket-2026/TEST-28.ts
  
..
At file:///home/pablo_perez92/stream-project/hls/**, worker process 159136 thread 139756918593344 listed 26...
At gs://tfg-stream-bucket-2026/**, worker process 159136 thread 139756918593344 listed 25...
Copying file:///home/pablo_perez92/stream-project/hls/TEST-28.ts to gs://tfg-stream-bucket-2026/TEST-28.ts
Copying file:///home/pablo_perez92/stream-project/hls/TEST-29.ts to gs://tfg-stream-bucket-2026/TEST-29.ts
  
Copying file:///home/pablo_perez92/stream-project/hls/TEST.m3u8 to gs://tfg-stream-bucket-2026/TEST.m3u8
.

Average throughput: 92.3MiB/s
At file:///home/pablo_perez92/stream-project/hls/**, worker process 159184 thread 139931321263936 listed 26...
At gs://tfg-stream-bucket-2026/**, worker process 159184 thread 139931321263936 listed 26...
Copying file:///home/pablo_perez92/stream-project/hls/TEST-29.ts to gs://tfg-stream-bucket-2026/TEST-29.ts
  
.
At file:///home/pablo_perez92/stream-project/hls/**, worker process 159669 thread 139858328631104 listed 26...
At gs://tfg-stream-bucket-2026/**, worker process 159669 thread 139858328631104 listed 26...
Copying file:///home/pablo_perez92/stream-project/hls/TEST-29.ts to gs://tfg-stream-bucket-2026/TEST-29.ts
  
..
At file:///home/pablo_perez92/stream-project/hls/**, worker process 159737 thread 140009671509824 listed 27...
At gs://tfg-stream-bucket-2026/**, worker process 159737 thread 140009671509824 listed 26...
Copying file:///home/pablo_perez92/stream-project/hls/TEST-29.ts to gs://tfg-stream-bucket-2026/TEST-29.ts
Copying file:///home/pablo_perez92/stream-project/hls/TEST-30.ts to gs://tfg-stream-bucket-2026/TEST-30.ts
  
Copying file:///home/pablo_perez92/stream-project/hls/TEST.m3u8 to gs://tfg-stream-bucket-2026/TEST.m3u8
.

Average throughput: 91.5MiB/s
At file:///home/pablo_perez92/stream-project/hls/**, worker process 159782 thread 140111578457920 listed 27...
At gs://tfg-stream-bucket-2026/**, worker process 159782 thread 140111578457920 listed 27...
Copying file:///home/pablo_perez92/stream-project/hls/TEST-30.ts to gs://tfg-stream-bucket-2026/TEST-30.ts
  
.
At file:///home/pablo_perez92/stream-project/hls/**, worker process 159827 thread 139650252572480 listed 27...
At gs://tfg-stream-bucket-2026/**, worker process 159827 thread 139650252572480 listed 27...
Copying file:///home/pablo_perez92/stream-project/hls/TEST-30.ts to gs://tfg-stream-bucket-2026/TEST-30.ts
  
..
At file:///home/pablo_perez92/stream-project/hls/**, worker process 159873 thread 140275737564992 listed 28...
At gs://tfg-stream-bucket-2026/**, worker process 159873 thread 140275737564992 listed 27...
Copying file:///home/pablo_perez92/stream-project/hls/TEST-30.ts to gs://tfg-stream-bucket-2026/TEST-30.ts
Copying file:///home/pablo_perez92/stream-project/hls/TEST-31.ts to gs://tfg-stream-bucket-2026/TEST-31.ts
  
Copying file:///home/pablo_perez92/stream-project/hls/TEST.m3u8 to gs://tfg-stream-bucket-2026/TEST.m3u8
..

Average throughput: 50.5MiB/s
At file:///home/pablo_perez92/stream-project/hls/**, worker process 159918 thread 139918816253760 listed 28...
At gs://tfg-stream-bucket-2026/**, worker process 159918 thread 139918816253760 listed 28...
Copying file:///home/pablo_perez92/stream-project/hls/TEST-31.ts to gs://tfg-stream-bucket-2026/TEST-31.ts
  
.
At file:///home/pablo_perez92/stream-project/hls/**, worker process 159963 thread 140483213457216 listed 28...
At gs://tfg-stream-bucket-2026/**, worker process 159963 thread 140483213457216 listed 28...
Copying file:///home/pablo_perez92/stream-project/hls/TEST-31.ts to gs://tfg-stream-bucket-2026/TEST-31.ts
  
..
At file:///home/pablo_perez92/stream-project/hls/**, worker process 160008 thread 140059803797312 listed 29...
At gs://tfg-stream-bucket-2026/**, worker process 160008 thread 140059803797312 listed 28...
Copying file:///home/pablo_perez92/stream-project/hls/TEST-31.ts to gs://tfg-stream-bucket-2026/TEST-31.ts
Copying file:///home/pablo_perez92/stream-project/hls/TEST-32.ts to gs://tfg-stream-bucket-2026/TEST-32.ts
  
Copying file:///home/pablo_perez92/stream-project/hls/TEST.m3u8 to gs://tfg-stream-bucket-2026/TEST.m3u8
.

Average throughput: 94.2MiB/s
At file:///home/pablo_perez92/stream-project/hls/**, worker process 160054 thread 140167092537152 listed 29...
At gs://tfg-stream-bucket-2026/**, worker process 160054 thread 140167092537152 listed 29...
Copying file:///home/pablo_perez92/stream-project/hls/TEST-32.ts to gs://tfg-stream-bucket-2026/TEST-32.ts
  
.
At file:///home/pablo_perez92/stream-project/hls/**, worker process 160099 thread 140329847764800 listed 29...
At gs://tfg-stream-bucket-2026/**, worker process 160099 thread 140329847764800 listed 29...
Copying file:///home/pablo_perez92/stream-project/hls/TEST-32.ts to gs://tfg-stream-bucket-2026/TEST-32.ts
  
..
At file:///home/pablo_perez92/stream-project/hls/**, worker process 160144 thread 139688969660224 listed 30...
At gs://tfg-stream-bucket-2026/**, worker process 160144 thread 139688969660224 listed 29...
Copying file:///home/pablo_perez92/stream-project/hls/TEST-32.ts to gs://tfg-stream-bucket-2026/TEST-32.ts
Copying file:///home/pablo_perez92/stream-project/hls/TEST-33.ts to gs://tfg-stream-bucket-2026/TEST-33.ts
  
Copying file:///home/pablo_perez92/stream-project/hls/TEST.m3u8 to gs://tfg-stream-bucket-2026/TEST.m3u8
..

Average throughput: 80.1MiB/s
At file:///home/pablo_perez92/stream-project/hls/**, worker process 160190 thread 140270498641728 listed 30...
At gs://tfg-stream-bucket-2026/**, worker process 160190 thread 140270498641728 listed 30...
Copying file:///home/pablo_perez92/stream-project/hls/TEST-33.ts to gs://tfg-stream-bucket-2026/TEST-33.ts
  
.
At file:///home/pablo_perez92/stream-project/hls/**, worker process 160235 thread 140311083456320 listed 30...
At gs://tfg-stream-bucket-2026/**, worker process 160235 thread 140311083456320 listed 30...
Copying file:///home/pablo_perez92/stream-project/hls/TEST-33.ts to gs://tfg-stream-bucket-2026/TEST-33.ts
  
..
At file:///home/pablo_perez92/stream-project/hls/**, worker process 160280 thread 139682382055232 listed 31...
At gs://tfg-stream-bucket-2026/**, worker process 160280 thread 139682382055232 listed 30...
Copying file:///home/pablo_perez92/stream-project/hls/TEST-33.ts to gs://tfg-stream-bucket-2026/TEST-33.ts
Copying file:///home/pablo_perez92/stream-project/hls/TEST-34.ts to gs://tfg-stream-bucket-2026/TEST-34.ts
  
Copying file:///home/pablo_perez92/stream-project/hls/TEST.m3u8 to gs://tfg-stream-bucket-2026/TEST.m3u8
.

Average throughput: 114.1MiB/s
At file:///home/pablo_perez92/stream-project/hls/**, worker process 160325 thread 139782015326016 listed 17...
At gs://tfg-stream-bucket-2026/**, worker process 160325 thread 139782015326016 listed 31...
  
Removing gs://tfg-stream-bucket-2026/TEST-10.ts#1775305522049891...
Removing gs://tfg-stream-bucket-2026/TEST-12.ts#1775305538643211...
Removing gs://tfg-stream-bucket-2026/TEST-16.ts#1775305572266141...
Copying file:///home/pablo_perez92/stream-project/hls/TEST-34.ts to gs://tfg-stream-bucket-2026/TEST-34.ts
Removing gs://tfg-stream-bucket-2026/TEST-18.ts#1775305588986318...
Removing gs://tfg-stream-bucket-2026/TEST-15.ts#1775305563910060...
Removing gs://tfg-stream-bucket-2026/TEST-17.ts#1775305580629980...
Removing gs://tfg-stream-bucket-2026/TEST-6.ts#1775305490924393...
Removing gs://tfg-stream-bucket-2026/TEST-14.ts#1775305555481013...
Removing gs://tfg-stream-bucket-2026/TEST-9.ts#1775305513683377...
Removing gs://tfg-stream-bucket-2026/TEST-8.ts#1775305507910496...
Removing gs://tfg-stream-bucket-2026/TEST-7.ts#1775305499446774...
Removing gs://tfg-stream-bucket-2026/TEST-11.ts#1775305530487773...
Removing gs://tfg-stream-bucket-2026/TEST-5.ts#1775305482708339...
Removing gs://tfg-stream-bucket-2026/TEST-13.ts#1775305547038632...
..
At file:///home/pablo_perez92/stream-project/hls/**, worker process 160458 thread 139699278473024 listed 17...
At gs://tfg-stream-bucket-2026/**, worker process 160458 thread 139699278473024 listed 17...
Copying file:///home/pablo_perez92/stream-project/hls/TEST-34.ts to gs://tfg-stream-bucket-2026/TEST-34.ts
  
..
At file:///home/pablo_perez92/stream-project/hls/**, worker process 160503 thread 140572194793280 listed 18...
At gs://tfg-stream-bucket-2026/**, worker process 160503 thread 140572194793280 listed 17...
Copying file:///home/pablo_perez92/stream-project/hls/TEST-34.ts to gs://tfg-stream-bucket-2026/TEST-34.ts
Copying file:///home/pablo_perez92/stream-project/hls/TEST-35.ts to gs://tfg-stream-bucket-2026/TEST-35.ts
  
Copying file:///home/pablo_perez92/stream-project/hls/TEST.m3u8 to gs://tfg-stream-bucket-2026/TEST.m3u8
..

Average throughput: 51.3MiB/s
At file:///home/pablo_perez92/stream-project/hls/**, worker process 160625 thread 139739042383680 listed 18...
At gs://tfg-stream-bucket-2026/**, worker process 160625 thread 139739042383680 listed 18...
Copying file:///home/pablo_perez92/stream-project/hls/TEST-35.ts to gs://tfg-stream-bucket-2026/TEST-35.ts
  
..
At file:///home/pablo_perez92/stream-project/hls/**, worker process 160671 thread 139935133681472 listed 18...
At gs://tfg-stream-bucket-2026/**, worker process 160671 thread 139935133681472 listed 18...
Copying file:///home/pablo_perez92/stream-project/hls/TEST-35.ts to gs://tfg-stream-bucket-2026/TEST-35.ts
  
..
At file:///home/pablo_perez92/stream-project/hls/**, worker process 160716 thread 140156431824704 listed 19...
At gs://tfg-stream-bucket-2026/**, worker process 160716 thread 140156431824704 listed 18...
Copying file:///home/pablo_perez92/stream-project/hls/TEST-35.ts to gs://tfg-stream-bucket-2026/TEST-35.ts
Copying file:///home/pablo_perez92/stream-project/hls/TEST-36.ts to gs://tfg-stream-bucket-2026/TEST-36.ts
  
Copying file:///home/pablo_perez92/stream-project/hls/TEST.m3u8 to gs://tfg-stream-bucket-2026/TEST.m3u8
.

Average throughput: 125.1MiB/s
At file:///home/pablo_perez92/stream-project/hls/**, worker process 160764 thread 140318861047616 listed 19...
At gs://tfg-stream-bucket-2026/**, worker process 160764 thread 140318861047616 listed 19...
Copying file:///home/pablo_perez92/stream-project/hls/TEST-36.ts to gs://tfg-stream-bucket-2026/TEST-36.ts
Copying file:///home/pablo_perez92/stream-project/hls/TEST.m3u8 to gs://tfg-stream-bucket-2026/TEST.m3u8
  
.

Average throughput: 23.9MiB/s
At file:///home/pablo_perez92/stream-project/hls/**, worker process 160809 thread 139963763341120 listed 19...
At gs://tfg-stream-bucket-2026/**, worker process 160809 thread 139963763341120 listed 19...
  

At file:///home/pablo_perez92/stream-project/hls/**, worker process 160852 thread 140046921979712 listed 19...
At gs://tfg-stream-bucket-2026/**, worker process 160852 thread 140046921979712 listed 19...
  

At file:///home/pablo_perez92/stream-project/hls/**, worker process 160894 thread 140681996482368 listed 19...
At gs://tfg-stream-bucket-2026/**, worker process 160894 thread 140681996482368 listed 19...
  

At file:///home/pablo_perez92/stream-project/hls/**, worker process 160936 thread 140131123697472 listed 19...
At gs://tfg-stream-bucket-2026/**, worker process 160936 thread 140131123697472 listed 19...
  

At gs://tfg-stream-bucket-2026/**, worker process 160979 thread 139637175875392 listed 19...
  
Removing gs://tfg-stream-bucket-2026/TEST-19.ts#1775305597318707...
Removing gs://tfg-stream-bucket-2026/TEST-21.ts#1775305614112138...
Removing gs://tfg-stream-bucket-2026/TEST-25.ts#1775305647677516...
Removing gs://tfg-stream-bucket-2026/TEST-33.ts#1775305715195647...
Removing gs://tfg-stream-bucket-2026/TEST.m3u8#1775305735032019...
Removing gs://tfg-stream-bucket-2026/TEST-36.ts#1775305735220549...
Removing gs://tfg-stream-bucket-2026/TEST-35.ts#1775305732520227...
Removing gs://tfg-stream-bucket-2026/TEST-34.ts#1775305723739762...
Removing gs://tfg-stream-bucket-2026/TEST-32.ts#1775305706678005...
Removing gs://tfg-stream-bucket-2026/TEST-31.ts#1775305698263914...
Removing gs://tfg-stream-bucket-2026/TEST-30.ts#1775305689735553...
Removing gs://tfg-stream-bucket-2026/TEST-29.ts#1775305681279207...
Removing gs://tfg-stream-bucket-2026/TEST-28.ts#1775305672785378...
Removing gs://tfg-stream-bucket-2026/TEST-27.ts#1775305664478670...
Removing gs://tfg-stream-bucket-2026/TEST-24.ts#1775305639370166...
Removing gs://tfg-stream-bucket-2026/TEST-26.ts#1775305656099245...
Removing gs://tfg-stream-bucket-2026/TEST-23.ts#1775305631057824...
Removing gs://tfg-stream-bucket-2026/TEST-20.ts#1775305605712518...
Removing gs://tfg-stream-bucket-2026/TEST-22.ts#1775305622525320...
.
  

  

  

  

  

  

  

  

  

  

  

  

  

  

  

  

  

  

  

  

  

  

  

  

  

  

  

  

  

  

  

  

  

  

  

  

  

  

  

  

  

  

  

  

  

  

  

  

  

  

  

  

  

  

  

  

  

  

  

  

  

  

  

  

  

  

  

  

  

  

  

  

  

  

  

  

  

  

  

  

  

  

  

  

  

  

  

  

  

  

  

  

  

  

  

  

  

  

  

  

  

  

  

  

  

  

  

  

  

  

  

  

  

  

  

  

  

  

  

  

  

  

  

  

  

  

  

  

  

  

  

  

  

  

  

  

  

  

  

  

  

  

  

  

  

  

  

  

  

  

  

  

  

  

  

  

  

  

  

  

  

  

  

  

  

At file:///home/pablo_perez92/stream-project/hls/**, worker process 168147 thread 139947952183104 listed 1...
Copying file:///home/pablo_perez92/stream-project/hls/TEST-0.ts to gs://tfg-stream-bucket-2026/TEST-0.ts
  
.
At file:///home/pablo_perez92/stream-project/hls/**, worker process 168192 thread 140631309702976 listed 1...
At gs://tfg-stream-bucket-2026/**, worker process 168192 thread 140631309702976 listed 1...
Copying file:///home/pablo_perez92/stream-project/hls/TEST-0.ts to gs://tfg-stream-bucket-2026/TEST-0.ts
  
..
At file:///home/pablo_perez92/stream-project/hls/**, worker process 168239 thread 140403131123520 listed 1...
At gs://tfg-stream-bucket-2026/**, worker process 168239 thread 140403131123520 listed 1...
Copying file:///home/pablo_perez92/stream-project/hls/TEST-0.ts to gs://tfg-stream-bucket-2026/TEST-0.ts
  
.
At file:///home/pablo_perez92/stream-project/hls/**, worker process 168284 thread 139700001216320 listed 3...
At gs://tfg-stream-bucket-2026/**, worker process 168284 thread 139700001216320 listed 1...
Copying file:///home/pablo_perez92/stream-project/hls/TEST-0.ts to gs://tfg-stream-bucket-2026/TEST-0.ts
Copying file:///home/pablo_perez92/stream-project/hls/TEST-1.ts to gs://tfg-stream-bucket-2026/TEST-1.ts
  
Copying file:///home/pablo_perez92/stream-project/hls/TEST.m3u8 to gs://tfg-stream-bucket-2026/TEST.m3u8
..

Average throughput: 46.5MiB/s
At file:///home/pablo_perez92/stream-project/hls/**, worker process 168329 thread 140222198073152 listed 3...
At gs://tfg-stream-bucket-2026/**, worker process 168329 thread 140222198073152 listed 3...
Copying file:///home/pablo_perez92/stream-project/hls/TEST-1.ts to gs://tfg-stream-bucket-2026/TEST-1.ts
  
..
At file:///home/pablo_perez92/stream-project/hls/**, worker process 168375 thread 140154553804608 listed 3...
At gs://tfg-stream-bucket-2026/**, worker process 168375 thread 140154553804608 listed 3...
Copying file:///home/pablo_perez92/stream-project/hls/TEST-1.ts to gs://tfg-stream-bucket-2026/TEST-1.ts
  
.
At file:///home/pablo_perez92/stream-project/hls/**, worker process 168421 thread 139919175718720 listed 4...
At gs://tfg-stream-bucket-2026/**, worker process 168421 thread 139919175718720 listed 3...
Copying file:///home/pablo_perez92/stream-project/hls/TEST-1.ts to gs://tfg-stream-bucket-2026/TEST-1.ts
Copying file:///home/pablo_perez92/stream-project/hls/TEST-2.ts to gs://tfg-stream-bucket-2026/TEST-2.ts
  
Copying file:///home/pablo_perez92/stream-project/hls/TEST.m3u8 to gs://tfg-stream-bucket-2026/TEST.m3u8
..

Average throughput: 120.5MiB/s
At file:///home/pablo_perez92/stream-project/hls/**, worker process 168466 thread 140300597475136 listed 4...
At gs://tfg-stream-bucket-2026/**, worker process 168466 thread 140300597475136 listed 4...
Copying file:///home/pablo_perez92/stream-project/hls/TEST-2.ts to gs://tfg-stream-bucket-2026/TEST-2.ts
  
..
At file:///home/pablo_perez92/stream-project/hls/**, worker process 168512 thread 140399999133504 listed 5...
At gs://tfg-stream-bucket-2026/**, worker process 168512 thread 140399999133504 listed 4...
Copying file:///home/pablo_perez92/stream-project/hls/TEST-2.ts to gs://tfg-stream-bucket-2026/TEST-2.ts
Copying file:///home/pablo_perez92/stream-project/hls/TEST-3.ts to gs://tfg-stream-bucket-2026/TEST-3.ts
  
Copying file:///home/pablo_perez92/stream-project/hls/TEST.m3u8 to gs://tfg-stream-bucket-2026/TEST.m3u8
.

Average throughput: 83.4MiB/s
At file:///home/pablo_perez92/stream-project/hls/**, worker process 168558 thread 140558972798784 listed 5...
At gs://tfg-stream-bucket-2026/**, worker process 168558 thread 140558972798784 listed 5...
Copying file:///home/pablo_perez92/stream-project/hls/TEST-3.ts to gs://tfg-stream-bucket-2026/TEST-3.ts
  
.
At file:///home/pablo_perez92/stream-project/hls/**, worker process 168603 thread 140600425944896 listed 5...
At gs://tfg-stream-bucket-2026/**, worker process 168603 thread 140600425944896 listed 5...
Copying file:///home/pablo_perez92/stream-project/hls/TEST-3.ts to gs://tfg-stream-bucket-2026/TEST-3.ts
  
..
At file:///home/pablo_perez92/stream-project/hls/**, worker process 168648 thread 139993283626816 listed 6...
At gs://tfg-stream-bucket-2026/**, worker process 168648 thread 139993283626816 listed 5...
Copying file:///home/pablo_perez92/stream-project/hls/TEST-3.ts to gs://tfg-stream-bucket-2026/TEST-3.ts
Copying file:///home/pablo_perez92/stream-project/hls/TEST-4.ts to gs://tfg-stream-bucket-2026/TEST-4.ts
  
Copying file:///home/pablo_perez92/stream-project/hls/TEST.m3u8 to gs://tfg-stream-bucket-2026/TEST.m3u8
.

Average throughput: 77.3MiB/s
At file:///home/pablo_perez92/stream-project/hls/**, worker process 168693 thread 139900680382272 listed 6...
At gs://tfg-stream-bucket-2026/**, worker process 168693 thread 139900680382272 listed 6...
Copying file:///home/pablo_perez92/stream-project/hls/TEST-4.ts to gs://tfg-stream-bucket-2026/TEST-4.ts
  
.
At file:///home/pablo_perez92/stream-project/hls/**, worker process 168739 thread 139853093459776 listed 6...
At gs://tfg-stream-bucket-2026/**, worker process 168739 thread 139853093459776 listed 6...
Copying file:///home/pablo_perez92/stream-project/hls/TEST-4.ts to gs://tfg-stream-bucket-2026/TEST-4.ts
  
..
At file:///home/pablo_perez92/stream-project/hls/**, worker process 168784 thread 140409716574016 listed 7...
At gs://tfg-stream-bucket-2026/**, worker process 168784 thread 140409716574016 listed 6...
Copying file:///home/pablo_perez92/stream-project/hls/TEST-4.ts to gs://tfg-stream-bucket-2026/TEST-4.ts
Copying file:///home/pablo_perez92/stream-project/hls/TEST-5.ts to gs://tfg-stream-bucket-2026/TEST-5.ts
  
Copying file:///home/pablo_perez92/stream-project/hls/TEST.m3u8 to gs://tfg-stream-bucket-2026/TEST.m3u8
.

Average throughput: 60.4MiB/s
At file:///home/pablo_perez92/stream-project/hls/**, worker process 168829 thread 140483358644032 listed 7...
At gs://tfg-stream-bucket-2026/**, worker process 168829 thread 140483358644032 listed 7...
Copying file:///home/pablo_perez92/stream-project/hls/TEST-5.ts to gs://tfg-stream-bucket-2026/TEST-5.ts
  
.
At file:///home/pablo_perez92/stream-project/hls/**, worker process 168875 thread 140127204493120 listed 7...
At gs://tfg-stream-bucket-2026/**, worker process 168875 thread 140127204493120 listed 7...
Copying file:///home/pablo_perez92/stream-project/hls/TEST-5.ts to gs://tfg-stream-bucket-2026/TEST-5.ts
  
..
At file:///home/pablo_perez92/stream-project/hls/**, worker process 168920 thread 140702316214080 listed 8...
At gs://tfg-stream-bucket-2026/**, worker process 168920 thread 140702316214080 listed 7...
Copying file:///home/pablo_perez92/stream-project/hls/TEST-5.ts to gs://tfg-stream-bucket-2026/TEST-5.ts
Copying file:///home/pablo_perez92/stream-project/hls/TEST-6.ts to gs://tfg-stream-bucket-2026/TEST-6.ts
  
Copying file:///home/pablo_perez92/stream-project/hls/TEST.m3u8 to gs://tfg-stream-bucket-2026/TEST.m3u8
.

Average throughput: 81.8MiB/s
At file:///home/pablo_perez92/stream-project/hls/**, worker process 168968 thread 139795829446464 listed 8...
At gs://tfg-stream-bucket-2026/**, worker process 168968 thread 139795829446464 listed 8...
Copying file:///home/pablo_perez92/stream-project/hls/TEST-6.ts to gs://tfg-stream-bucket-2026/TEST-6.ts
  
.
At file:///home/pablo_perez92/stream-project/hls/**, worker process 169013 thread 140460225496896 listed 8...
At gs://tfg-stream-bucket-2026/**, worker process 169013 thread 140460225496896 listed 8...
Copying file:///home/pablo_perez92/stream-project/hls/TEST-6.ts to gs://tfg-stream-bucket-2026/TEST-6.ts
  
..
At file:///home/pablo_perez92/stream-project/hls/**, worker process 169059 thread 140468308911936 listed 9...
At gs://tfg-stream-bucket-2026/**, worker process 169059 thread 140468308911936 listed 8...
Copying file:///home/pablo_perez92/stream-project/hls/TEST-6.ts to gs://tfg-stream-bucket-2026/TEST-6.ts
Copying file:///home/pablo_perez92/stream-project/hls/TEST-7.ts to gs://tfg-stream-bucket-2026/TEST-7.ts
  
Copying file:///home/pablo_perez92/stream-project/hls/TEST.m3u8 to gs://tfg-stream-bucket-2026/TEST.m3u8
.

Average throughput: 50.8MiB/s
At file:///home/pablo_perez92/stream-project/hls/**, worker process 169104 thread 139710924441408 listed 9...
At gs://tfg-stream-bucket-2026/**, worker process 169104 thread 139710924441408 listed 9...
Copying file:///home/pablo_perez92/stream-project/hls/TEST-7.ts to gs://tfg-stream-bucket-2026/TEST-7.ts
  
.
At file:///home/pablo_perez92/stream-project/hls/**, worker process 169149 thread 140644906559296 listed 9...
At gs://tfg-stream-bucket-2026/**, worker process 169149 thread 140644906559296 listed 9...
Copying file:///home/pablo_perez92/stream-project/hls/TEST-7.ts to gs://tfg-stream-bucket-2026/TEST-7.ts
  
..
At file:///home/pablo_perez92/stream-project/hls/**, worker process 169195 thread 140702423426880 listed 10...
At gs://tfg-stream-bucket-2026/**, worker process 169195 thread 140702423426880 listed 9...
Copying file:///home/pablo_perez92/stream-project/hls/TEST-7.ts to gs://tfg-stream-bucket-2026/TEST-7.ts
Copying file:///home/pablo_perez92/stream-project/hls/TEST-8.ts to gs://tfg-stream-bucket-2026/TEST-8.ts
  
Copying file:///home/pablo_perez92/stream-project/hls/TEST.m3u8 to gs://tfg-stream-bucket-2026/TEST.m3u8
.

Average throughput: 61.2MiB/s
At file:///home/pablo_perez92/stream-project/hls/**, worker process 169240 thread 139731059873600 listed 10...
At gs://tfg-stream-bucket-2026/**, worker process 169240 thread 139731059873600 listed 10...
Copying file:///home/pablo_perez92/stream-project/hls/TEST-8.ts to gs://tfg-stream-bucket-2026/TEST-8.ts
  
.
At file:///home/pablo_perez92/stream-project/hls/**, worker process 169285 thread 140364446578496 listed 10...
At gs://tfg-stream-bucket-2026/**, worker process 169285 thread 140364446578496 listed 10...
Copying file:///home/pablo_perez92/stream-project/hls/TEST-8.ts to gs://tfg-stream-bucket-2026/TEST-8.ts
  
..
At file:///home/pablo_perez92/stream-project/hls/**, worker process 169330 thread 139741768156992 listed 11...
At gs://tfg-stream-bucket-2026/**, worker process 169330 thread 139741768156992 listed 10...
Copying file:///home/pablo_perez92/stream-project/hls/TEST-8.ts to gs://tfg-stream-bucket-2026/TEST-8.ts
Copying file:///home/pablo_perez92/stream-project/hls/TEST-9.ts to gs://tfg-stream-bucket-2026/TEST-9.ts
  
Copying file:///home/pablo_perez92/stream-project/hls/TEST.m3u8 to gs://tfg-stream-bucket-2026/TEST.m3u8
.

Average throughput: 56.6MiB/s
At file:///home/pablo_perez92/stream-project/hls/**, worker process 169376 thread 140172268705600 listed 11...
At gs://tfg-stream-bucket-2026/**, worker process 169376 thread 140172268705600 listed 11...
Copying file:///home/pablo_perez92/stream-project/hls/TEST-9.ts to gs://tfg-stream-bucket-2026/TEST-9.ts
  
.
At file:///home/pablo_perez92/stream-project/hls/**, worker process 169421 thread 140015821203264 listed 11...
At gs://tfg-stream-bucket-2026/**, worker process 169421 thread 140015821203264 listed 11...
Copying file:///home/pablo_perez92/stream-project/hls/TEST-9.ts to gs://tfg-stream-bucket-2026/TEST-9.ts
  
..
At file:///home/pablo_perez92/stream-project/hls/**, worker process 169466 thread 140097466718016 listed 12...
At gs://tfg-stream-bucket-2026/**, worker process 169466 thread 140097466718016 listed 11...
Copying file:///home/pablo_perez92/stream-project/hls/TEST-10.ts to gs://tfg-stream-bucket-2026/TEST-10.ts
Copying file:///home/pablo_perez92/stream-project/hls/TEST-9.ts to gs://tfg-stream-bucket-2026/TEST-9.ts
  
Copying file:///home/pablo_perez92/stream-project/hls/TEST.m3u8 to gs://tfg-stream-bucket-2026/TEST.m3u8
.

Average throughput: 78.9MiB/s
At file:///home/pablo_perez92/stream-project/hls/**, worker process 169512 thread 139937022048064 listed 12...
At gs://tfg-stream-bucket-2026/**, worker process 169512 thread 139937022048064 listed 12...
Copying file:///home/pablo_perez92/stream-project/hls/TEST-10.ts to gs://tfg-stream-bucket-2026/TEST-10.ts
  
.
At file:///home/pablo_perez92/stream-project/hls/**, worker process 169557 thread 140167300671296 listed 12...
At gs://tfg-stream-bucket-2026/**, worker process 169557 thread 140167300671296 listed 12...
Copying file:///home/pablo_perez92/stream-project/hls/TEST-10.ts to gs://tfg-stream-bucket-2026/TEST-10.ts
  
..
At file:///home/pablo_perez92/stream-project/hls/**, worker process 169602 thread 140629525714752 listed 13...
At gs://tfg-stream-bucket-2026/**, worker process 169602 thread 140629525714752 listed 12...
Copying file:///home/pablo_perez92/stream-project/hls/TEST-10.ts to gs://tfg-stream-bucket-2026/TEST-10.ts
Copying file:///home/pablo_perez92/stream-project/hls/TEST-11.ts to gs://tfg-stream-bucket-2026/TEST-11.ts
  
Copying file:///home/pablo_perez92/stream-project/hls/TEST.m3u8 to gs://tfg-stream-bucket-2026/TEST.m3u8
..

Average throughput: 42.3MiB/s
At file:///home/pablo_perez92/stream-project/hls/**, worker process 169647 thread 140525894010688 listed 13...
At gs://tfg-stream-bucket-2026/**, worker process 169647 thread 140525894010688 listed 13...
Copying file:///home/pablo_perez92/stream-project/hls/TEST-11.ts to gs://tfg-stream-bucket-2026/TEST-11.ts
  
.
At file:///home/pablo_perez92/stream-project/hls/**, worker process 169693 thread 140492330579776 listed 13...
At gs://tfg-stream-bucket-2026/**, worker process 169693 thread 140492330579776 listed 13...
Copying file:///home/pablo_perez92/stream-project/hls/TEST-11.ts to gs://tfg-stream-bucket-2026/TEST-11.ts
  
..
At file:///home/pablo_perez92/stream-project/hls/**, worker process 169738 thread 140256246228800 listed 14...
At gs://tfg-stream-bucket-2026/**, worker process 169738 thread 140256246228800 listed 13...
Copying file:///home/pablo_perez92/stream-project/hls/TEST-11.ts to gs://tfg-stream-bucket-2026/TEST-11.ts
Copying file:///home/pablo_perez92/stream-project/hls/TEST-12.ts to gs://tfg-stream-bucket-2026/TEST-12.ts
  
Copying file:///home/pablo_perez92/stream-project/hls/TEST.m3u8 to gs://tfg-stream-bucket-2026/TEST.m3u8
.

Average throughput: 65.0MiB/s
At file:///home/pablo_perez92/stream-project/hls/**, worker process 169783 thread 139724911703872 listed 14...
At gs://tfg-stream-bucket-2026/**, worker process 169783 thread 139724911703872 listed 14...
Copying file:///home/pablo_perez92/stream-project/hls/TEST-12.ts to gs://tfg-stream-bucket-2026/TEST-12.ts
  
.
At file:///home/pablo_perez92/stream-project/hls/**, worker process 169828 thread 140156034860864 listed 14...
At gs://tfg-stream-bucket-2026/**, worker process 169828 thread 140156034860864 listed 14...
Copying file:///home/pablo_perez92/stream-project/hls/TEST-12.ts to gs://tfg-stream-bucket-2026/TEST-12.ts
  
..
At file:///home/pablo_perez92/stream-project/hls/**, worker process 169874 thread 139794461800256 listed 15...
At gs://tfg-stream-bucket-2026/**, worker process 169874 thread 139794461800256 listed 14...
Copying file:///home/pablo_perez92/stream-project/hls/TEST-12.ts to gs://tfg-stream-bucket-2026/TEST-12.ts
Copying file:///home/pablo_perez92/stream-project/hls/TEST-13.ts to gs://tfg-stream-bucket-2026/TEST-13.ts
  
Copying file:///home/pablo_perez92/stream-project/hls/TEST.m3u8 to gs://tfg-stream-bucket-2026/TEST.m3u8
.

Average throughput: 73.1MiB/s
At file:///home/pablo_perez92/stream-project/hls/**, worker process 169922 thread 139625622001472 listed 15...
At gs://tfg-stream-bucket-2026/**, worker process 169922 thread 139625622001472 listed 15...
Copying file:///home/pablo_perez92/stream-project/hls/TEST-13.ts to gs://tfg-stream-bucket-2026/TEST-13.ts
  
.
At file:///home/pablo_perez92/stream-project/hls/**, worker process 169969 thread 140632270292800 listed 15...
At gs://tfg-stream-bucket-2026/**, worker process 169969 thread 140632270292800 listed 15...
Copying file:///home/pablo_perez92/stream-project/hls/TEST-13.ts to gs://tfg-stream-bucket-2026/TEST-13.ts
  
..
At file:///home/pablo_perez92/stream-project/hls/**, worker process 170456 thread 140628062734144 listed 16...
At gs://tfg-stream-bucket-2026/**, worker process 170456 thread 140628062734144 listed 15...
Copying file:///home/pablo_perez92/stream-project/hls/TEST-13.ts to gs://tfg-stream-bucket-2026/TEST-13.ts
Copying file:///home/pablo_perez92/stream-project/hls/TEST-14.ts to gs://tfg-stream-bucket-2026/TEST-14.ts
  
Copying file:///home/pablo_perez92/stream-project/hls/TEST.m3u8 to gs://tfg-stream-bucket-2026/TEST.m3u8
.

Average throughput: 67.4MiB/s
At file:///home/pablo_perez92/stream-project/hls/**, worker process 170518 thread 139971725748032 listed 16...
At gs://tfg-stream-bucket-2026/**, worker process 170518 thread 139971725748032 listed 16...
Copying file:///home/pablo_perez92/stream-project/hls/TEST-14.ts to gs://tfg-stream-bucket-2026/TEST-14.ts
  
.
At file:///home/pablo_perez92/stream-project/hls/**, worker process 170563 thread 139819348719424 listed 16...
At gs://tfg-stream-bucket-2026/**, worker process 170563 thread 139819348719424 listed 16...
Copying file:///home/pablo_perez92/stream-project/hls/TEST-14.ts to gs://tfg-stream-bucket-2026/TEST-14.ts
  
..
At file:///home/pablo_perez92/stream-project/hls/**, worker process 170608 thread 140532260149056 listed 17...
At gs://tfg-stream-bucket-2026/**, worker process 170608 thread 140532260149056 listed 16...
Copying file:///home/pablo_perez92/stream-project/hls/TEST-14.ts to gs://tfg-stream-bucket-2026/TEST-14.ts
Copying file:///home/pablo_perez92/stream-project/hls/TEST-15.ts to gs://tfg-stream-bucket-2026/TEST-15.ts
  
Copying file:///home/pablo_perez92/stream-project/hls/TEST.m3u8 to gs://tfg-stream-bucket-2026/TEST.m3u8
..

Average throughput: 47.5MiB/s
At file:///home/pablo_perez92/stream-project/hls/**, worker process 170654 thread 140120642094912 listed 17...
At gs://tfg-stream-bucket-2026/**, worker process 170654 thread 140120642094912 listed 17...
Copying file:///home/pablo_perez92/stream-project/hls/TEST-15.ts to gs://tfg-stream-bucket-2026/TEST-15.ts
  
.
At file:///home/pablo_perez92/stream-project/hls/**, worker process 170699 thread 140551259031360 listed 17...
At gs://tfg-stream-bucket-2026/**, worker process 170699 thread 140551259031360 listed 17...
Copying file:///home/pablo_perez92/stream-project/hls/TEST-15.ts to gs://tfg-stream-bucket-2026/TEST-15.ts
  
..
At file:///home/pablo_perez92/stream-project/hls/**, worker process 170744 thread 139796509456192 listed 18...
At gs://tfg-stream-bucket-2026/**, worker process 170744 thread 139796509456192 listed 17...
Copying file:///home/pablo_perez92/stream-project/hls/TEST-15.ts to gs://tfg-stream-bucket-2026/TEST-15.ts
Copying file:///home/pablo_perez92/stream-project/hls/TEST-16.ts to gs://tfg-stream-bucket-2026/TEST-16.ts
  
Copying file:///home/pablo_perez92/stream-project/hls/TEST.m3u8 to gs://tfg-stream-bucket-2026/TEST.m3u8
.

Average throughput: 73.2MiB/s
At file:///home/pablo_perez92/stream-project/hls/**, worker process 170790 thread 140543099217728 listed 18...
At gs://tfg-stream-bucket-2026/**, worker process 170790 thread 140543099217728 listed 18...
Copying file:///home/pablo_perez92/stream-project/hls/TEST-16.ts to gs://tfg-stream-bucket-2026/TEST-16.ts
  
.
At file:///home/pablo_perez92/stream-project/hls/**, worker process 170835 thread 140401038673728 listed 18...
At gs://tfg-stream-bucket-2026/**, worker process 170835 thread 140401038673728 listed 18...
Copying file:///home/pablo_perez92/stream-project/hls/TEST-16.ts to gs://tfg-stream-bucket-2026/TEST-16.ts
  
..
At file:///home/pablo_perez92/stream-project/hls/**, worker process 170880 thread 140094784939840 listed 19...
At gs://tfg-stream-bucket-2026/**, worker process 170880 thread 140094784939840 listed 18...
Copying file:///home/pablo_perez92/stream-project/hls/TEST-16.ts to gs://tfg-stream-bucket-2026/TEST-16.ts
Copying file:///home/pablo_perez92/stream-project/hls/TEST-17.ts to gs://tfg-stream-bucket-2026/TEST-17.ts
  
Copying file:///home/pablo_perez92/stream-project/hls/TEST.m3u8 to gs://tfg-stream-bucket-2026/TEST.m3u8
.

Average throughput: 101.0MiB/s
At file:///home/pablo_perez92/stream-project/hls/**, worker process 170925 thread 139769620256576 listed 19...
At gs://tfg-stream-bucket-2026/**, worker process 170925 thread 139769620256576 listed 19...
Copying file:///home/pablo_perez92/stream-project/hls/TEST-17.ts to gs://tfg-stream-bucket-2026/TEST-17.ts
  
.
At file:///home/pablo_perez92/stream-project/hls/**, worker process 170971 thread 140564825642816 listed 19...
At gs://tfg-stream-bucket-2026/**, worker process 170971 thread 140564825642816 listed 19...
Copying file:///home/pablo_perez92/stream-project/hls/TEST-17.ts to gs://tfg-stream-bucket-2026/TEST-17.ts
  
..
At file:///home/pablo_perez92/stream-project/hls/**, worker process 171016 thread 140174754035520 listed 20...
At gs://tfg-stream-bucket-2026/**, worker process 171016 thread 140174754035520 listed 19...
Copying file:///home/pablo_perez92/stream-project/hls/TEST-17.ts to gs://tfg-stream-bucket-2026/TEST-17.ts
Copying file:///home/pablo_perez92/stream-project/hls/TEST-18.ts to gs://tfg-stream-bucket-2026/TEST-18.ts
  
Copying file:///home/pablo_perez92/stream-project/hls/TEST.m3u8 to gs://tfg-stream-bucket-2026/TEST.m3u8
.

Average throughput: 85.3MiB/s
At file:///home/pablo_perez92/stream-project/hls/**, worker process 171061 thread 139756209092416 listed 20...
At gs://tfg-stream-bucket-2026/**, worker process 171061 thread 139756209092416 listed 20...
  

ERROR: gcloud crashed (FileNotFoundError): [Errno 2] No such file or directory: '/home/pablo_perez92/stream-project/hls/TEST-0.ts'

If you would like to report this issue, please run the following command:
  gcloud feedback

To check gcloud for common problems, please run the following command:
  gcloud info --run-diagnostics
At file:///home/pablo_perez92/stream-project/hls/**, worker process 171104 thread 139803638409024 listed 16...
At gs://tfg-stream-bucket-2026/**, worker process 171104 thread 139803638409024 listed 20...
  
Removing gs://tfg-stream-bucket-2026/TEST-0.ts#1775306173386292...
Copying file:///home/pablo_perez92/stream-project/hls/TEST-18.ts to gs://tfg-stream-bucket-2026/TEST-18.ts
Removing gs://tfg-stream-bucket-2026/TEST-1.ts#1775306181923236...
Removing gs://tfg-stream-bucket-2026/TEST-2.ts#1775306187664716...
Removing gs://tfg-stream-bucket-2026/TEST-3.ts#1775306196071291...
..
At file:///home/pablo_perez92/stream-project/hls/**, worker process 171149 thread 140186243942208 listed 17...
At gs://tfg-stream-bucket-2026/**, worker process 171149 thread 140186243942208 listed 16...
Copying file:///home/pablo_perez92/stream-project/hls/TEST-18.ts to gs://tfg-stream-bucket-2026/TEST-18.ts
Copying file:///home/pablo_perez92/stream-project/hls/TEST-19.ts to gs://tfg-stream-bucket-2026/TEST-19.ts
  
Copying file:///home/pablo_perez92/stream-project/hls/TEST.m3u8 to gs://tfg-stream-bucket-2026/TEST.m3u8
.

Average throughput: 76.9MiB/s
At file:///home/pablo_perez92/stream-project/hls/**, worker process 171194 thread 140583648569152 listed 17...
At gs://tfg-stream-bucket-2026/**, worker process 171194 thread 140583648569152 listed 17...
Copying file:///home/pablo_perez92/stream-project/hls/TEST-19.ts to gs://tfg-stream-bucket-2026/TEST-19.ts
  
.
At file:///home/pablo_perez92/stream-project/hls/**, worker process 171239 thread 140686183151424 listed 17...
At gs://tfg-stream-bucket-2026/**, worker process 171239 thread 140686183151424 listed 17...
Copying file:///home/pablo_perez92/stream-project/hls/TEST-19.ts to gs://tfg-stream-bucket-2026/TEST-19.ts
  
..
At file:///home/pablo_perez92/stream-project/hls/**, worker process 171285 thread 140391967246144 listed 18...
At gs://tfg-stream-bucket-2026/**, worker process 171285 thread 140391967246144 listed 17...
Copying file:///home/pablo_perez92/stream-project/hls/TEST-19.ts to gs://tfg-stream-bucket-2026/TEST-19.ts
Copying file:///home/pablo_perez92/stream-project/hls/TEST-20.ts to gs://tfg-stream-bucket-2026/TEST-20.ts
  
Copying file:///home/pablo_perez92/stream-project/hls/TEST.m3u8 to gs://tfg-stream-bucket-2026/TEST.m3u8
.

Average throughput: 60.3MiB/s
At file:///home/pablo_perez92/stream-project/hls/**, worker process 171330 thread 140259763939136 listed 18...
At gs://tfg-stream-bucket-2026/**, worker process 171330 thread 140259763939136 listed 18...
Copying file:///home/pablo_perez92/stream-project/hls/TEST-20.ts to gs://tfg-stream-bucket-2026/TEST-20.ts
  
.
At file:///home/pablo_perez92/stream-project/hls/**, worker process 171378 thread 139815061329728 listed 18...
At gs://tfg-stream-bucket-2026/**, worker process 171378 thread 139815061329728 listed 18...
Copying file:///home/pablo_perez92/stream-project/hls/TEST-20.ts to gs://tfg-stream-bucket-2026/TEST-20.ts
  
..
At file:///home/pablo_perez92/stream-project/hls/**, worker process 171423 thread 140468712404800 listed 19...
At gs://tfg-stream-bucket-2026/**, worker process 171423 thread 140468712404800 listed 18...
Copying file:///home/pablo_perez92/stream-project/hls/TEST-20.ts to gs://tfg-stream-bucket-2026/TEST-20.ts
Copying file:///home/pablo_perez92/stream-project/hls/TEST-21.ts to gs://tfg-stream-bucket-2026/TEST-21.ts
  
Copying file:///home/pablo_perez92/stream-project/hls/TEST.m3u8 to gs://tfg-stream-bucket-2026/TEST.m3u8
..

Average throughput: 46.6MiB/s
At file:///home/pablo_perez92/stream-project/hls/**, worker process 171469 thread 140556475496256 listed 19...
At gs://tfg-stream-bucket-2026/**, worker process 171469 thread 140556475496256 listed 19...
Copying file:///home/pablo_perez92/stream-project/hls/TEST-21.ts to gs://tfg-stream-bucket-2026/TEST-21.ts
  
.
At file:///home/pablo_perez92/stream-project/hls/**, worker process 171514 thread 140027145709376 listed 19...
At gs://tfg-stream-bucket-2026/**, worker process 171514 thread 140027145709376 listed 19...
Copying file:///home/pablo_perez92/stream-project/hls/TEST-21.ts to gs://tfg-stream-bucket-2026/TEST-21.ts
  
..
At file:///home/pablo_perez92/stream-project/hls/**, worker process 171559 thread 140121231877952 listed 20...
At gs://tfg-stream-bucket-2026/**, worker process 171559 thread 140121231877952 listed 19...
Copying file:///home/pablo_perez92/stream-project/hls/TEST-21.ts to gs://tfg-stream-bucket-2026/TEST-21.ts
Copying file:///home/pablo_perez92/stream-project/hls/TEST-22.ts to gs://tfg-stream-bucket-2026/TEST-22.ts
  
Copying file:///home/pablo_perez92/stream-project/hls/TEST.m3u8 to gs://tfg-stream-bucket-2026/TEST.m3u8
..

Average throughput: 62.3MiB/s
At file:///home/pablo_perez92/stream-project/hls/**, worker process 171605 thread 139669228468032 listed 20...
At gs://tfg-stream-bucket-2026/**, worker process 171605 thread 139669228468032 listed 20...
Copying file:///home/pablo_perez92/stream-project/hls/TEST-22.ts to gs://tfg-stream-bucket-2026/TEST-22.ts
  
.
At file:///home/pablo_perez92/stream-project/hls/**, worker process 171650 thread 140593430406976 listed 20...
At gs://tfg-stream-bucket-2026/**, worker process 171650 thread 140593430406976 listed 20...
Copying file:///home/pablo_perez92/stream-project/hls/TEST-22.ts to gs://tfg-stream-bucket-2026/TEST-22.ts
  
..
At file:///home/pablo_perez92/stream-project/hls/**, worker process 171695 thread 139633381955392 listed 21...
At gs://tfg-stream-bucket-2026/**, worker process 171695 thread 139633381955392 listed 20...
Copying file:///home/pablo_perez92/stream-project/hls/TEST-22.ts to gs://tfg-stream-bucket-2026/TEST-22.ts
Copying file:///home/pablo_perez92/stream-project/hls/TEST-23.ts to gs://tfg-stream-bucket-2026/TEST-23.ts
  
Copying file:///home/pablo_perez92/stream-project/hls/TEST.m3u8 to gs://tfg-stream-bucket-2026/TEST.m3u8
.

Average throughput: 83.7MiB/s
At file:///home/pablo_perez92/stream-project/hls/**, worker process 171740 thread 140300273334080 listed 21...
At gs://tfg-stream-bucket-2026/**, worker process 171740 thread 140300273334080 listed 21...
Copying file:///home/pablo_perez92/stream-project/hls/TEST-23.ts to gs://tfg-stream-bucket-2026/TEST-23.ts
  
.
At file:///home/pablo_perez92/stream-project/hls/**, worker process 171786 thread 140486208264000 listed 21...
At gs://tfg-stream-bucket-2026/**, worker process 171786 thread 140486208264000 listed 21...
Copying file:///home/pablo_perez92/stream-project/hls/TEST-23.ts to gs://tfg-stream-bucket-2026/TEST-23.ts
  
..
At file:///home/pablo_perez92/stream-project/hls/**, worker process 171831 thread 140493199230784 listed 22...
At gs://tfg-stream-bucket-2026/**, worker process 171831 thread 140493199230784 listed 21...
Copying file:///home/pablo_perez92/stream-project/hls/TEST-23.ts to gs://tfg-stream-bucket-2026/TEST-23.ts
Copying file:///home/pablo_perez92/stream-project/hls/TEST-24.ts to gs://tfg-stream-bucket-2026/TEST-24.ts
  
Copying file:///home/pablo_perez92/stream-project/hls/TEST.m3u8 to gs://tfg-stream-bucket-2026/TEST.m3u8
.

Average throughput: 97.0MiB/s
At file:///home/pablo_perez92/stream-project/hls/**, worker process 171876 thread 140281581152064 listed 22...
At gs://tfg-stream-bucket-2026/**, worker process 171876 thread 140281581152064 listed 22...
Copying file:///home/pablo_perez92/stream-project/hls/TEST-24.ts to gs://tfg-stream-bucket-2026/TEST-24.ts
  
.
At file:///home/pablo_perez92/stream-project/hls/**, worker process 171922 thread 140711339607872 listed 22...
At gs://tfg-stream-bucket-2026/**, worker process 171922 thread 140711339607872 listed 22...
Copying file:///home/pablo_perez92/stream-project/hls/TEST-24.ts to gs://tfg-stream-bucket-2026/TEST-24.ts
  
..
At file:///home/pablo_perez92/stream-project/hls/**, worker process 171967 thread 140006364485440 listed 23...
At gs://tfg-stream-bucket-2026/**, worker process 171967 thread 140006364485440 listed 22...
Copying file:///home/pablo_perez92/stream-project/hls/TEST-24.ts to gs://tfg-stream-bucket-2026/TEST-24.ts
Copying file:///home/pablo_perez92/stream-project/hls/TEST-25.ts to gs://tfg-stream-bucket-2026/TEST-25.ts
  
Copying file:///home/pablo_perez92/stream-project/hls/TEST.m3u8 to gs://tfg-stream-bucket-2026/TEST.m3u8
..

Average throughput: 48.7MiB/s
At file:///home/pablo_perez92/stream-project/hls/**, worker process 172012 thread 140012169578304 listed 23...
At gs://tfg-stream-bucket-2026/**, worker process 172012 thread 140012169578304 listed 23...
Copying file:///home/pablo_perez92/stream-project/hls/TEST-25.ts to gs://tfg-stream-bucket-2026/TEST-25.ts
  
.
At file:///home/pablo_perez92/stream-project/hls/**, worker process 172057 thread 140441110837056 listed 23...
At gs://tfg-stream-bucket-2026/**, worker process 172057 thread 140441110837056 listed 23...
Copying file:///home/pablo_perez92/stream-project/hls/TEST-25.ts to gs://tfg-stream-bucket-2026/TEST-25.ts
  
..
At file:///home/pablo_perez92/stream-project/hls/**, worker process 172103 thread 140000092571456 listed 24...
At gs://tfg-stream-bucket-2026/**, worker process 172103 thread 140000092571456 listed 23...
Copying file:///home/pablo_perez92/stream-project/hls/TEST-25.ts to gs://tfg-stream-bucket-2026/TEST-25.ts
Copying file:///home/pablo_perez92/stream-project/hls/TEST-26.ts to gs://tfg-stream-bucket-2026/TEST-26.ts
  
Copying file:///home/pablo_perez92/stream-project/hls/TEST.m3u8 to gs://tfg-stream-bucket-2026/TEST.m3u8
.

Average throughput: 73.4MiB/s
At file:///home/pablo_perez92/stream-project/hls/**, worker process 172148 thread 139866652264256 listed 24...
At gs://tfg-stream-bucket-2026/**, worker process 172148 thread 139866652264256 listed 24...
Copying file:///home/pablo_perez92/stream-project/hls/TEST-26.ts to gs://tfg-stream-bucket-2026/TEST-26.ts
  
.
At file:///home/pablo_perez92/stream-project/hls/**, worker process 172193 thread 140417571514176 listed 24...
At gs://tfg-stream-bucket-2026/**, worker process 172193 thread 140417571514176 listed 24...
Copying file:///home/pablo_perez92/stream-project/hls/TEST-26.ts to gs://tfg-stream-bucket-2026/TEST-26.ts
  
..
At file:///home/pablo_perez92/stream-project/hls/**, worker process 172239 thread 140157059954496 listed 25...
At gs://tfg-stream-bucket-2026/**, worker process 172239 thread 140157059954496 listed 24...
Copying file:///home/pablo_perez92/stream-project/hls/TEST-26.ts to gs://tfg-stream-bucket-2026/TEST-26.ts
Copying file:///home/pablo_perez92/stream-project/hls/TEST-27.ts to gs://tfg-stream-bucket-2026/TEST-27.ts
  
Copying file:///home/pablo_perez92/stream-project/hls/TEST.m3u8 to gs://tfg-stream-bucket-2026/TEST.m3u8
..

Average throughput: 66.7MiB/s
At file:///home/pablo_perez92/stream-project/hls/**, worker process 172284 thread 139986754807616 listed 25...
At gs://tfg-stream-bucket-2026/**, worker process 172284 thread 139986754807616 listed 25...
Copying file:///home/pablo_perez92/stream-project/hls/TEST-27.ts to gs://tfg-stream-bucket-2026/TEST-27.ts
  
.
At file:///home/pablo_perez92/stream-project/hls/**, worker process 172332 thread 139823651956544 listed 25...
At gs://tfg-stream-bucket-2026/**, worker process 172332 thread 139823651956544 listed 25...
Copying file:///home/pablo_perez92/stream-project/hls/TEST-27.ts to gs://tfg-stream-bucket-2026/TEST-27.ts
  
.
At file:///home/pablo_perez92/stream-project/hls/**, worker process 172377 thread 140269009184576 listed 26...
At gs://tfg-stream-bucket-2026/**, worker process 172377 thread 140269009184576 listed 25...
Copying file:///home/pablo_perez92/stream-project/hls/TEST-27.ts to gs://tfg-stream-bucket-2026/TEST-27.ts
Copying file:///home/pablo_perez92/stream-project/hls/TEST-28.ts to gs://tfg-stream-bucket-2026/TEST-28.ts
  
Copying file:///home/pablo_perez92/stream-project/hls/TEST.m3u8 to gs://tfg-stream-bucket-2026/TEST.m3u8
..

Average throughput: 65.6MiB/s
At file:///home/pablo_perez92/stream-project/hls/**, worker process 172423 thread 139883568006976 listed 26...
At gs://tfg-stream-bucket-2026/**, worker process 172423 thread 139883568006976 listed 26...
Copying file:///home/pablo_perez92/stream-project/hls/TEST-28.ts to gs://tfg-stream-bucket-2026/TEST-28.ts
  
..
At file:///home/pablo_perez92/stream-project/hls/**, worker process 172468 thread 139787457550144 listed 26...
At gs://tfg-stream-bucket-2026/**, worker process 172468 thread 139787457550144 listed 26...
Copying file:///home/pablo_perez92/stream-project/hls/TEST-28.ts to gs://tfg-stream-bucket-2026/TEST-28.ts
  
.
At file:///home/pablo_perez92/stream-project/hls/**, worker process 172513 thread 139969615664960 listed 27...
At gs://tfg-stream-bucket-2026/**, worker process 172513 thread 139969615664960 listed 26...
Copying file:///home/pablo_perez92/stream-project/hls/TEST-28.ts to gs://tfg-stream-bucket-2026/TEST-28.ts
Copying file:///home/pablo_perez92/stream-project/hls/TEST-29.ts to gs://tfg-stream-bucket-2026/TEST-29.ts
  
Copying file:///home/pablo_perez92/stream-project/hls/TEST.m3u8 to gs://tfg-stream-bucket-2026/TEST.m3u8
.

Average throughput: 121.3MiB/s
At file:///home/pablo_perez92/stream-project/hls/**, worker process 172559 thread 140548736685888 listed 27...
At gs://tfg-stream-bucket-2026/**, worker process 172559 thread 140548736685888 listed 27...
Copying file:///home/pablo_perez92/stream-project/hls/TEST-29.ts to gs://tfg-stream-bucket-2026/TEST-29.ts
  
.
At file:///home/pablo_perez92/stream-project/hls/**, worker process 172604 thread 140196088506176 listed 27...
At gs://tfg-stream-bucket-2026/**, worker process 172604 thread 140196088506176 listed 27...
Copying file:///home/pablo_perez92/stream-project/hls/TEST-29.ts to gs://tfg-stream-bucket-2026/TEST-29.ts
  
.
At file:///home/pablo_perez92/stream-project/hls/**, worker process 172650 thread 139981373425472 listed 28...
At gs://tfg-stream-bucket-2026/**, worker process 172650 thread 139981373425472 listed 27...
Copying file:///home/pablo_perez92/stream-project/hls/TEST-29.ts to gs://tfg-stream-bucket-2026/TEST-29.ts
Copying file:///home/pablo_perez92/stream-project/hls/TEST-30.ts to gs://tfg-stream-bucket-2026/TEST-30.ts
  
Copying file:///home/pablo_perez92/stream-project/hls/TEST.m3u8 to gs://tfg-stream-bucket-2026/TEST.m3u8
.

Average throughput: 89.0MiB/s
At file:///home/pablo_perez92/stream-project/hls/**, worker process 172695 thread 139692367456064 listed 28...
At gs://tfg-stream-bucket-2026/**, worker process 172695 thread 139692367456064 listed 28...
Copying file:///home/pablo_perez92/stream-project/hls/TEST-30.ts to gs://tfg-stream-bucket-2026/TEST-30.ts
  
..
At file:///home/pablo_perez92/stream-project/hls/**, worker process 172741 thread 140578959988544 listed 28...
At gs://tfg-stream-bucket-2026/**, worker process 172741 thread 140578959988544 listed 28...
Copying file:///home/pablo_perez92/stream-project/hls/TEST-30.ts to gs://tfg-stream-bucket-2026/TEST-30.ts
  
.
At file:///home/pablo_perez92/stream-project/hls/**, worker process 172786 thread 140526093883200 listed 29...
At gs://tfg-stream-bucket-2026/**, worker process 172786 thread 140526093883200 listed 28...
Copying file:///home/pablo_perez92/stream-project/hls/TEST-30.ts to gs://tfg-stream-bucket-2026/TEST-30.ts
Copying file:///home/pablo_perez92/stream-project/hls/TEST-31.ts to gs://tfg-stream-bucket-2026/TEST-31.ts
  
Copying file:///home/pablo_perez92/stream-project/hls/TEST.m3u8 to gs://tfg-stream-bucket-2026/TEST.m3u8
..

Average throughput: 73.1MiB/s
At file:///home/pablo_perez92/stream-project/hls/**, worker process 172831 thread 140599542888256 listed 29...
At gs://tfg-stream-bucket-2026/**, worker process 172831 thread 140599542888256 listed 29...
Copying file:///home/pablo_perez92/stream-project/hls/TEST-31.ts to gs://tfg-stream-bucket-2026/TEST-31.ts
  
.
At file:///home/pablo_perez92/stream-project/hls/**, worker process 172876 thread 140339850782528 listed 29...
At gs://tfg-stream-bucket-2026/**, worker process 172876 thread 140339850782528 listed 29...
Copying file:///home/pablo_perez92/stream-project/hls/TEST-31.ts to gs://tfg-stream-bucket-2026/TEST-31.ts
  
.
At file:///home/pablo_perez92/stream-project/hls/**, worker process 172922 thread 140570170197824 listed 30...
At gs://tfg-stream-bucket-2026/**, worker process 172922 thread 140570170197824 listed 29...
Copying file:///home/pablo_perez92/stream-project/hls/TEST-31.ts to gs://tfg-stream-bucket-2026/TEST-31.ts
Copying file:///home/pablo_perez92/stream-project/hls/TEST-32.ts to gs://tfg-stream-bucket-2026/TEST-32.ts
  
Copying file:///home/pablo_perez92/stream-project/hls/TEST.m3u8 to gs://tfg-stream-bucket-2026/TEST.m3u8
..

Average throughput: 64.4MiB/s
At file:///home/pablo_perez92/stream-project/hls/**, worker process 172967 thread 140689299003200 listed 30...
At gs://tfg-stream-bucket-2026/**, worker process 172967 thread 140689299003200 listed 30...
Copying file:///home/pablo_perez92/stream-project/hls/TEST-32.ts to gs://tfg-stream-bucket-2026/TEST-32.ts
  
..
At file:///home/pablo_perez92/stream-project/hls/**, worker process 173012 thread 139860352304960 listed 16...
At gs://tfg-stream-bucket-2026/**, worker process 173012 thread 139860352304960 listed 30...
  
Removing gs://tfg-stream-bucket-2026/TEST-10.ts#1775306254877230...
Removing gs://tfg-stream-bucket-2026/TEST-12.ts#1775306271813452...
Removing gs://tfg-stream-bucket-2026/TEST-16.ts#1775306305560888...
Copying file:///home/pablo_perez92/stream-project/hls/TEST-32.ts to gs://tfg-stream-bucket-2026/TEST-32.ts
Removing gs://tfg-stream-bucket-2026/TEST-15.ts#1775306297191445...
Removing gs://tfg-stream-bucket-2026/TEST-17.ts#1775306314028223...
Removing gs://tfg-stream-bucket-2026/TEST-14.ts#1775306288667419...
Removing gs://tfg-stream-bucket-2026/TEST-5.ts#1775306212766352...
Removing gs://tfg-stream-bucket-2026/TEST-8.ts#1775306238107546...
Removing gs://tfg-stream-bucket-2026/TEST-9.ts#1775306246449643...
Removing gs://tfg-stream-bucket-2026/TEST-4.ts#1775306204483043...
Removing gs://tfg-stream-bucket-2026/TEST-7.ts#1775306229698593...
Removing gs://tfg-stream-bucket-2026/TEST-6.ts#1775306221286729...
Removing gs://tfg-stream-bucket-2026/TEST-11.ts#1775306263416474...
Removing gs://tfg-stream-bucket-2026/TEST-13.ts#1775306280233942...
..
At file:///home/pablo_perez92/stream-project/hls/**, worker process 173143 thread 140634050664256 listed 17...
At gs://tfg-stream-bucket-2026/**, worker process 173143 thread 140634050664256 listed 16...
Copying file:///home/pablo_perez92/stream-project/hls/TEST-33.ts to gs://tfg-stream-bucket-2026/TEST-33.ts
Copying file:///home/pablo_perez92/stream-project/hls/TEST.m3u8 to gs://tfg-stream-bucket-2026/TEST.m3u8
  
.

Average throughput: 21.8MiB/s
At file:///home/pablo_perez92/stream-project/hls/**, worker process 173188 thread 140258077390656 listed 17...
At gs://tfg-stream-bucket-2026/**, worker process 173188 thread 140258077390656 listed 17...
Copying file:///home/pablo_perez92/stream-project/hls/TEST-33.ts to gs://tfg-stream-bucket-2026/TEST-33.ts
  
..
At file:///home/pablo_perez92/stream-project/hls/**, worker process 173233 thread 139931781420864 listed 18...
At gs://tfg-stream-bucket-2026/**, worker process 173233 thread 139931781420864 listed 17...
Copying file:///home/pablo_perez92/stream-project/hls/TEST-33.ts to gs://tfg-stream-bucket-2026/TEST-33.ts
Copying file:///home/pablo_perez92/stream-project/hls/TEST-34.ts to gs://tfg-stream-bucket-2026/TEST-34.ts
  
Copying file:///home/pablo_perez92/stream-project/hls/TEST.m3u8 to gs://tfg-stream-bucket-2026/TEST.m3u8
.

Average throughput: 68.4MiB/s
At file:///home/pablo_perez92/stream-project/hls/**, worker process 173278 thread 139636384134976 listed 18...
At gs://tfg-stream-bucket-2026/**, worker process 173278 thread 139636384134976 listed 18...
Copying file:///home/pablo_perez92/stream-project/hls/TEST-34.ts to gs://tfg-stream-bucket-2026/TEST-34.ts
  
.
At file:///home/pablo_perez92/stream-project/hls/**, worker process 173324 thread 140485208926016 listed 18...
At gs://tfg-stream-bucket-2026/**, worker process 173324 thread 140485208926016 listed 18...
Copying file:///home/pablo_perez92/stream-project/hls/TEST-34.ts to gs://tfg-stream-bucket-2026/TEST-34.ts
  
..
At file:///home/pablo_perez92/stream-project/hls/**, worker process 173369 thread 140619764188992 listed 19...
At gs://tfg-stream-bucket-2026/**, worker process 173369 thread 140619764188992 listed 18...
Copying file:///home/pablo_perez92/stream-project/hls/TEST-34.ts to gs://tfg-stream-bucket-2026/TEST-34.ts
Copying file:///home/pablo_perez92/stream-project/hls/TEST-35.ts to gs://tfg-stream-bucket-2026/TEST-35.ts
  
Copying file:///home/pablo_perez92/stream-project/hls/TEST.m3u8 to gs://tfg-stream-bucket-2026/TEST.m3u8
.

Average throughput: 71.7MiB/s
At file:///home/pablo_perez92/stream-project/hls/**, worker process 173417 thread 140628541794112 listed 19...
At gs://tfg-stream-bucket-2026/**, worker process 173417 thread 140628541794112 listed 19...
Copying file:///home/pablo_perez92/stream-project/hls/TEST-35.ts to gs://tfg-stream-bucket-2026/TEST-35.ts
  
.
At file:///home/pablo_perez92/stream-project/hls/**, worker process 173463 thread 139894542661440 listed 19...
At gs://tfg-stream-bucket-2026/**, worker process 173463 thread 139894542661440 listed 19...
Copying file:///home/pablo_perez92/stream-project/hls/TEST-35.ts to gs://tfg-stream-bucket-2026/TEST-35.ts
  
..
At file:///home/pablo_perez92/stream-project/hls/**, worker process 173508 thread 140149884303168 listed 20...
At gs://tfg-stream-bucket-2026/**, worker process 173508 thread 140149884303168 listed 19...
Copying file:///home/pablo_perez92/stream-project/hls/TEST-35.ts to gs://tfg-stream-bucket-2026/TEST-35.ts
Copying file:///home/pablo_perez92/stream-project/hls/TEST-36.ts to gs://tfg-stream-bucket-2026/TEST-36.ts
  
Copying file:///home/pablo_perez92/stream-project/hls/TEST.m3u8 to gs://tfg-stream-bucket-2026/TEST.m3u8
..

Average throughput: 58.8MiB/s
At file:///home/pablo_perez92/stream-project/hls/**, worker process 173553 thread 140096885258048 listed 20...
At gs://tfg-stream-bucket-2026/**, worker process 173553 thread 140096885258048 listed 20...
Copying file:///home/pablo_perez92/stream-project/hls/TEST-36.ts to gs://tfg-stream-bucket-2026/TEST-36.ts
  
.
At file:///home/pablo_perez92/stream-project/hls/**, worker process 173598 thread 139796835202880 listed 20...
At gs://tfg-stream-bucket-2026/**, worker process 173598 thread 139796835202880 listed 20...
Copying file:///home/pablo_perez92/stream-project/hls/TEST-36.ts to gs://tfg-stream-bucket-2026/TEST-36.ts
  
..
At file:///home/pablo_perez92/stream-project/hls/**, worker process 173644 thread 139678740858688 listed 21...
At gs://tfg-stream-bucket-2026/**, worker process 173644 thread 139678740858688 listed 20...
Copying file:///home/pablo_perez92/stream-project/hls/TEST-36.ts to gs://tfg-stream-bucket-2026/TEST-36.ts
Copying file:///home/pablo_perez92/stream-project/hls/TEST-37.ts to gs://tfg-stream-bucket-2026/TEST-37.ts
  
Copying file:///home/pablo_perez92/stream-project/hls/TEST.m3u8 to gs://tfg-stream-bucket-2026/TEST.m3u8
..

Average throughput: 62.8MiB/s
At file:///home/pablo_perez92/stream-project/hls/**, worker process 173764 thread 140422390069056 listed 21...
At gs://tfg-stream-bucket-2026/**, worker process 173764 thread 140422390069056 listed 21...
Copying file:///home/pablo_perez92/stream-project/hls/TEST-37.ts to gs://tfg-stream-bucket-2026/TEST-37.ts
  
.
At file:///home/pablo_perez92/stream-project/hls/**, worker process 173809 thread 140418475923264 listed 21...
At gs://tfg-stream-bucket-2026/**, worker process 173809 thread 140418475923264 listed 21...
Copying file:///home/pablo_perez92/stream-project/hls/TEST-37.ts to gs://tfg-stream-bucket-2026/TEST-37.ts
  
..
At file:///home/pablo_perez92/stream-project/hls/**, worker process 173855 thread 140085643765568 listed 22...
At gs://tfg-stream-bucket-2026/**, worker process 173855 thread 140085643765568 listed 21...
Copying file:///home/pablo_perez92/stream-project/hls/TEST-37.ts to gs://tfg-stream-bucket-2026/TEST-37.ts
Copying file:///home/pablo_perez92/stream-project/hls/TEST-38.ts to gs://tfg-stream-bucket-2026/TEST-38.ts
  
Copying file:///home/pablo_perez92/stream-project/hls/TEST.m3u8 to gs://tfg-stream-bucket-2026/TEST.m3u8
.

Average throughput: 126.0MiB/s
At file:///home/pablo_perez92/stream-project/hls/**, worker process 173900 thread 139667611535168 listed 22...
At gs://tfg-stream-bucket-2026/**, worker process 173900 thread 139667611535168 listed 22...
Copying file:///home/pablo_perez92/stream-project/hls/TEST-38.ts to gs://tfg-stream-bucket-2026/TEST-38.ts
  
.
At file:///home/pablo_perez92/stream-project/hls/**, worker process 173945 thread 140630156265280 listed 22...
At gs://tfg-stream-bucket-2026/**, worker process 173945 thread 140630156265280 listed 22...
Copying file:///home/pablo_perez92/stream-project/hls/TEST-38.ts to gs://tfg-stream-bucket-2026/TEST-38.ts
  
..
At file:///home/pablo_perez92/stream-project/hls/**, worker process 173990 thread 140456903042880 listed 23...
At gs://tfg-stream-bucket-2026/**, worker process 173990 thread 140456903042880 listed 22...
Copying file:///home/pablo_perez92/stream-project/hls/TEST-38.ts to gs://tfg-stream-bucket-2026/TEST-38.ts
Copying file:///home/pablo_perez92/stream-project/hls/TEST-39.ts to gs://tfg-stream-bucket-2026/TEST-39.ts
  
Copying file:///home/pablo_perez92/stream-project/hls/TEST.m3u8 to gs://tfg-stream-bucket-2026/TEST.m3u8
.

Average throughput: 51.1MiB/s
At file:///home/pablo_perez92/stream-project/hls/**, worker process 174036 thread 140199404824384 listed 23...
At gs://tfg-stream-bucket-2026/**, worker process 174036 thread 140199404824384 listed 23...
Copying file:///home/pablo_perez92/stream-project/hls/TEST-39.ts to gs://tfg-stream-bucket-2026/TEST-39.ts
  
.
At file:///home/pablo_perez92/stream-project/hls/**, worker process 174081 thread 140295181031232 listed 23...
At gs://tfg-stream-bucket-2026/**, worker process 174081 thread 140295181031232 listed 23...
Copying file:///home/pablo_perez92/stream-project/hls/TEST-39.ts to gs://tfg-stream-bucket-2026/TEST-39.ts
  
..
At file:///home/pablo_perez92/stream-project/hls/**, worker process 174126 thread 139813546948416 listed 24...
At gs://tfg-stream-bucket-2026/**, worker process 174126 thread 139813546948416 listed 23...
Copying file:///home/pablo_perez92/stream-project/hls/TEST-39.ts to gs://tfg-stream-bucket-2026/TEST-39.ts
Copying file:///home/pablo_perez92/stream-project/hls/TEST-40.ts to gs://tfg-stream-bucket-2026/TEST-40.ts
  
Copying file:///home/pablo_perez92/stream-project/hls/TEST.m3u8 to gs://tfg-stream-bucket-2026/TEST.m3u8
.

Average throughput: 68.4MiB/s
At file:///home/pablo_perez92/stream-project/hls/**, worker process 174172 thread 140068754446144 listed 24...
At gs://tfg-stream-bucket-2026/**, worker process 174172 thread 140068754446144 listed 24...
Copying file:///home/pablo_perez92/stream-project/hls/TEST-40.ts to gs://tfg-stream-bucket-2026/TEST-40.ts
  
.
At file:///home/pablo_perez92/stream-project/hls/**, worker process 174217 thread 140155453945664 listed 24...
At gs://tfg-stream-bucket-2026/**, worker process 174217 thread 140155453945664 listed 24...
Copying file:///home/pablo_perez92/stream-project/hls/TEST-40.ts to gs://tfg-stream-bucket-2026/TEST-40.ts
  
..
At file:///home/pablo_perez92/stream-project/hls/**, worker process 174262 thread 140180655675200 listed 25...
At gs://tfg-stream-bucket-2026/**, worker process 174262 thread 140180655675200 listed 24...
Copying file:///home/pablo_perez92/stream-project/hls/TEST-40.ts to gs://tfg-stream-bucket-2026/TEST-40.ts
Copying file:///home/pablo_perez92/stream-project/hls/TEST-41.ts to gs://tfg-stream-bucket-2026/TEST-41.ts
  
Copying file:///home/pablo_perez92/stream-project/hls/TEST.m3u8 to gs://tfg-stream-bucket-2026/TEST.m3u8
.

Average throughput: 77.2MiB/s
At file:///home/pablo_perez92/stream-project/hls/**, worker process 174307 thread 140418764056384 listed 25...
At gs://tfg-stream-bucket-2026/**, worker process 174307 thread 140418764056384 listed 25...
Copying file:///home/pablo_perez92/stream-project/hls/TEST-41.ts to gs://tfg-stream-bucket-2026/TEST-41.ts
  
.
At file:///home/pablo_perez92/stream-project/hls/**, worker process 174353 thread 140043513866048 listed 25...
At gs://tfg-stream-bucket-2026/**, worker process 174353 thread 140043513866048 listed 25...
Copying file:///home/pablo_perez92/stream-project/hls/TEST-41.ts to gs://tfg-stream-bucket-2026/TEST-41.ts
  
..
At file:///home/pablo_perez92/stream-project/hls/**, worker process 174398 thread 140500901910336 listed 26...
At gs://tfg-stream-bucket-2026/**, worker process 174398 thread 140500901910336 listed 25...
Copying file:///home/pablo_perez92/stream-project/hls/TEST-41.ts to gs://tfg-stream-bucket-2026/TEST-41.ts
Copying file:///home/pablo_perez92/stream-project/hls/TEST-42.ts to gs://tfg-stream-bucket-2026/TEST-42.ts
  
Copying file:///home/pablo_perez92/stream-project/hls/TEST.m3u8 to gs://tfg-stream-bucket-2026/TEST.m3u8
..

Average throughput: 59.0MiB/s
At file:///home/pablo_perez92/stream-project/hls/**, worker process 174446 thread 140389963437888 listed 26...
At gs://tfg-stream-bucket-2026/**, worker process 174446 thread 140389963437888 listed 26...
Copying file:///home/pablo_perez92/stream-project/hls/TEST-42.ts to gs://tfg-stream-bucket-2026/TEST-42.ts
  
.
At file:///home/pablo_perez92/stream-project/hls/**, worker process 174492 thread 140089422784320 listed 26...
At gs://tfg-stream-bucket-2026/**, worker process 174492 thread 140089422784320 listed 26...
Copying file:///home/pablo_perez92/stream-project/hls/TEST-42.ts to gs://tfg-stream-bucket-2026/TEST-42.ts
  
..
At file:///home/pablo_perez92/stream-project/hls/**, worker process 174537 thread 140529667200832 listed 27...
At gs://tfg-stream-bucket-2026/**, worker process 174537 thread 140529667200832 listed 26...
Copying file:///home/pablo_perez92/stream-project/hls/TEST-42.ts to gs://tfg-stream-bucket-2026/TEST-42.ts
Copying file:///home/pablo_perez92/stream-project/hls/TEST-43.ts to gs://tfg-stream-bucket-2026/TEST-43.ts
  
Copying file:///home/pablo_perez92/stream-project/hls/TEST.m3u8 to gs://tfg-stream-bucket-2026/TEST.m3u8
.

Average throughput: 57.5MiB/s
At file:///home/pablo_perez92/stream-project/hls/**, worker process 174582 thread 140045357893440 listed 27...
At gs://tfg-stream-bucket-2026/**, worker process 174582 thread 140045357893440 listed 27...
Copying file:///home/pablo_perez92/stream-project/hls/TEST-43.ts to gs://tfg-stream-bucket-2026/TEST-43.ts
  
.
At file:///home/pablo_perez92/stream-project/hls/**, worker process 174627 thread 139780037379904 listed 27...
At gs://tfg-stream-bucket-2026/**, worker process 174627 thread 139780037379904 listed 27...
Copying file:///home/pablo_perez92/stream-project/hls/TEST-43.ts to gs://tfg-stream-bucket-2026/TEST-43.ts
  
..
At file:///home/pablo_perez92/stream-project/hls/**, worker process 174673 thread 140475281614656 listed 28...
At gs://tfg-stream-bucket-2026/**, worker process 174673 thread 140475281614656 listed 27...
Copying file:///home/pablo_perez92/stream-project/hls/TEST-43.ts to gs://tfg-stream-bucket-2026/TEST-43.ts
Copying file:///home/pablo_perez92/stream-project/hls/TEST-44.ts to gs://tfg-stream-bucket-2026/TEST-44.ts
  
Copying file:///home/pablo_perez92/stream-project/hls/TEST.m3u8 to gs://tfg-stream-bucket-2026/TEST.m3u8
.

Average throughput: 69.5MiB/s
At file:///home/pablo_perez92/stream-project/hls/**, worker process 174718 thread 140192251209536 listed 28...
At gs://tfg-stream-bucket-2026/**, worker process 174718 thread 140192251209536 listed 28...
Copying file:///home/pablo_perez92/stream-project/hls/TEST-44.ts to gs://tfg-stream-bucket-2026/TEST-44.ts
  
.
At file:///home/pablo_perez92/stream-project/hls/**, worker process 174763 thread 140320349865792 listed 28...
At gs://tfg-stream-bucket-2026/**, worker process 174763 thread 140320349865792 listed 28...
Copying file:///home/pablo_perez92/stream-project/hls/TEST-44.ts to gs://tfg-stream-bucket-2026/TEST-44.ts
  
..
At file:///home/pablo_perez92/stream-project/hls/**, worker process 174808 thread 140659524544320 listed 29...
At gs://tfg-stream-bucket-2026/**, worker process 174808 thread 140659524544320 listed 28...
Copying file:///home/pablo_perez92/stream-project/hls/TEST-44.ts to gs://tfg-stream-bucket-2026/TEST-44.ts
Copying file:///home/pablo_perez92/stream-project/hls/TEST-45.ts to gs://tfg-stream-bucket-2026/TEST-45.ts
  
Copying file:///home/pablo_perez92/stream-project/hls/TEST.m3u8 to gs://tfg-stream-bucket-2026/TEST.m3u8
..

Average throughput: 66.6MiB/s
At file:///home/pablo_perez92/stream-project/hls/**, worker process 174854 thread 139816024160064 listed 29...
At gs://tfg-stream-bucket-2026/**, worker process 174854 thread 139816024160064 listed 29...
Copying file:///home/pablo_perez92/stream-project/hls/TEST-45.ts to gs://tfg-stream-bucket-2026/TEST-45.ts
  
.
At file:///home/pablo_perez92/stream-project/hls/**, worker process 174899 thread 140645987419968 listed 29...
At gs://tfg-stream-bucket-2026/**, worker process 174899 thread 140645987419968 listed 29...
Copying file:///home/pablo_perez92/stream-project/hls/TEST-45.ts to gs://tfg-stream-bucket-2026/TEST-45.ts
  
..
At file:///home/pablo_perez92/stream-project/hls/**, worker process 174944 thread 140087916386112 listed 30...
At gs://tfg-stream-bucket-2026/**, worker process 174944 thread 140087916386112 listed 29...
Copying file:///home/pablo_perez92/stream-project/hls/TEST-45.ts to gs://tfg-stream-bucket-2026/TEST-45.ts
Copying file:///home/pablo_perez92/stream-project/hls/TEST-46.ts to gs://tfg-stream-bucket-2026/TEST-46.ts
  
Copying file:///home/pablo_perez92/stream-project/hls/TEST.m3u8 to gs://tfg-stream-bucket-2026/TEST.m3u8
..

Average throughput: 77.8MiB/s
At file:///home/pablo_perez92/stream-project/hls/**, worker process 174990 thread 140105304491840 listed 30...
At gs://tfg-stream-bucket-2026/**, worker process 174990 thread 140105304491840 listed 30...
Copying file:///home/pablo_perez92/stream-project/hls/TEST-46.ts to gs://tfg-stream-bucket-2026/TEST-46.ts
  
.
At file:///home/pablo_perez92/stream-project/hls/**, worker process 175035 thread 139684245284672 listed 30...
At gs://tfg-stream-bucket-2026/**, worker process 175035 thread 139684245284672 listed 30...
Copying file:///home/pablo_perez92/stream-project/hls/TEST-46.ts to gs://tfg-stream-bucket-2026/TEST-46.ts
  
..
At file:///home/pablo_perez92/stream-project/hls/**, worker process 175080 thread 140160723695424 listed 31...
At gs://tfg-stream-bucket-2026/**, worker process 175080 thread 140160723695424 listed 30...
Copying file:///home/pablo_perez92/stream-project/hls/TEST-46.ts to gs://tfg-stream-bucket-2026/TEST-46.ts
Copying file:///home/pablo_perez92/stream-project/hls/TEST-47.ts to gs://tfg-stream-bucket-2026/TEST-47.ts
  
Copying file:///home/pablo_perez92/stream-project/hls/TEST.m3u8 to gs://tfg-stream-bucket-2026/TEST.m3u8
..

Average throughput: 64.0MiB/s
At file:///home/pablo_perez92/stream-project/hls/**, worker process 175126 thread 140572538242880 listed 17...
At gs://tfg-stream-bucket-2026/**, worker process 175126 thread 140572538242880 listed 31...
  
Removing gs://tfg-stream-bucket-2026/TEST-18.ts#1775306322226647...
Removing gs://tfg-stream-bucket-2026/TEST-20.ts#1775306339000200...
Removing gs://tfg-stream-bucket-2026/TEST-24.ts#1775306373015966...
Removing gs://tfg-stream-bucket-2026/TEST-31.ts#1775306431788427...
Copying file:///home/pablo_perez92/stream-project/hls/TEST-47.ts to gs://tfg-stream-bucket-2026/TEST-47.ts
Removing gs://tfg-stream-bucket-2026/TEST-30.ts#1775306423419754...
Removing gs://tfg-stream-bucket-2026/TEST-28.ts#1775306406838922...
Removing gs://tfg-stream-bucket-2026/TEST-29.ts#1775306415011647...
Removing gs://tfg-stream-bucket-2026/TEST-27.ts#1775306398277233...
Removing gs://tfg-stream-bucket-2026/TEST-26.ts#1775306389949510...
Removing gs://tfg-stream-bucket-2026/TEST-23.ts#1775306364544057...
Removing gs://tfg-stream-bucket-2026/TEST-25.ts#1775306381564400...
Removing gs://tfg-stream-bucket-2026/TEST-22.ts#1775306356158679...
Removing gs://tfg-stream-bucket-2026/TEST-21.ts#1775306347608656...
Removing gs://tfg-stream-bucket-2026/TEST-19.ts#1775306330645888...
..
At file:///home/pablo_perez92/stream-project/hls/**, worker process 175256 thread 139760392865600 listed 17...
At gs://tfg-stream-bucket-2026/**, worker process 175256 thread 139760392865600 listed 17...
Copying file:///home/pablo_perez92/stream-project/hls/TEST-47.ts to gs://tfg-stream-bucket-2026/TEST-47.ts
  
..
At file:///home/pablo_perez92/stream-project/hls/**, worker process 175301 thread 140507036354368 listed 18...
At gs://tfg-stream-bucket-2026/**, worker process 175301 thread 140507036354368 listed 17...
Copying file:///home/pablo_perez92/stream-project/hls/TEST-47.ts to gs://tfg-stream-bucket-2026/TEST-47.ts
Copying file:///home/pablo_perez92/stream-project/hls/TEST-48.ts to gs://tfg-stream-bucket-2026/TEST-48.ts
  
Copying file:///home/pablo_perez92/stream-project/hls/TEST.m3u8 to gs://tfg-stream-bucket-2026/TEST.m3u8
..

Average throughput: 57.1MiB/s
At file:///home/pablo_perez92/stream-project/hls/**, worker process 175346 thread 140015454553920 listed 18...
At gs://tfg-stream-bucket-2026/**, worker process 175346 thread 140015454553920 listed 18...
Copying file:///home/pablo_perez92/stream-project/hls/TEST-48.ts to gs://tfg-stream-bucket-2026/TEST-48.ts
  
..
At file:///home/pablo_perez92/stream-project/hls/**, worker process 175392 thread 139955091982144 listed 18...
At gs://tfg-stream-bucket-2026/**, worker process 175392 thread 139955091982144 listed 18...
Copying file:///home/pablo_perez92/stream-project/hls/TEST-48.ts to gs://tfg-stream-bucket-2026/TEST-48.ts
Copying file:///home/pablo_perez92/stream-project/hls/TEST.m3u8 to gs://tfg-stream-bucket-2026/TEST.m3u8
  
.

Average throughput: 87.8MiB/s
At file:///home/pablo_perez92/stream-project/hls/**, worker process 175437 thread 140477514688320 listed 19...
At gs://tfg-stream-bucket-2026/**, worker process 175437 thread 140477514688320 listed 18...
Copying file:///home/pablo_perez92/stream-project/hls/TEST-49.ts to gs://tfg-stream-bucket-2026/TEST-49.ts
  
.
At file:///home/pablo_perez92/stream-project/hls/**, worker process 175485 thread 139765941196608 listed 19...
At gs://tfg-stream-bucket-2026/**, worker process 175485 thread 139765941196608 listed 19...
Copying file:///home/pablo_perez92/stream-project/hls/TEST-49.ts to gs://tfg-stream-bucket-2026/TEST-49.ts
  
..
At file:///home/pablo_perez92/stream-project/hls/**, worker process 175531 thread 140657778067264 listed 20...
At gs://tfg-stream-bucket-2026/**, worker process 175531 thread 140657778067264 listed 19...
Copying file:///home/pablo_perez92/stream-project/hls/TEST-49.ts to gs://tfg-stream-bucket-2026/TEST-49.ts
Copying file:///home/pablo_perez92/stream-project/hls/TEST-50.ts to gs://tfg-stream-bucket-2026/TEST-50.ts
  
Copying file:///home/pablo_perez92/stream-project/hls/TEST.m3u8 to gs://tfg-stream-bucket-2026/TEST.m3u8
.

Average throughput: 68.8MiB/s
At file:///home/pablo_perez92/stream-project/hls/**, worker process 175576 thread 139690243909440 listed 20...
At gs://tfg-stream-bucket-2026/**, worker process 175576 thread 139690243909440 listed 20...
Copying file:///home/pablo_perez92/stream-project/hls/TEST-50.ts to gs://tfg-stream-bucket-2026/TEST-50.ts
  
.
At file:///home/pablo_perez92/stream-project/hls/**, worker process 175621 thread 139815189948224 listed 20...
At gs://tfg-stream-bucket-2026/**, worker process 175621 thread 139815189948224 listed 20...
Copying file:///home/pablo_perez92/stream-project/hls/TEST-50.ts to gs://tfg-stream-bucket-2026/TEST-50.ts
  
..
At file:///home/pablo_perez92/stream-project/hls/**, worker process 175666 thread 140311451756352 listed 21...
At gs://tfg-stream-bucket-2026/**, worker process 175666 thread 140311451756352 listed 20...
Copying file:///home/pablo_perez92/stream-project/hls/TEST-50.ts to gs://tfg-stream-bucket-2026/TEST-50.ts
Copying file:///home/pablo_perez92/stream-project/hls/TEST-51.ts to gs://tfg-stream-bucket-2026/TEST-51.ts
  
Copying file:///home/pablo_perez92/stream-project/hls/TEST.m3u8 to gs://tfg-stream-bucket-2026/TEST.m3u8
.

Average throughput: 53.5MiB/s
At file:///home/pablo_perez92/stream-project/hls/**, worker process 175712 thread 140580286617408 listed 21...
At gs://tfg-stream-bucket-2026/**, worker process 175712 thread 140580286617408 listed 21...
Copying file:///home/pablo_perez92/stream-project/hls/TEST-51.ts to gs://tfg-stream-bucket-2026/TEST-51.ts
  
.
At file:///home/pablo_perez92/stream-project/hls/**, worker process 175757 thread 140385444644672 listed 21...
At gs://tfg-stream-bucket-2026/**, worker process 175757 thread 140385444644672 listed 21...
Copying file:///home/pablo_perez92/stream-project/hls/TEST-51.ts to gs://tfg-stream-bucket-2026/TEST-51.ts
  
..
At file:///home/pablo_perez92/stream-project/hls/**, worker process 175802 thread 140700789053248 listed 22...
At gs://tfg-stream-bucket-2026/**, worker process 175802 thread 140700789053248 listed 21...
Copying file:///home/pablo_perez92/stream-project/hls/TEST-51.ts to gs://tfg-stream-bucket-2026/TEST-51.ts
Copying file:///home/pablo_perez92/stream-project/hls/TEST-52.ts to gs://tfg-stream-bucket-2026/TEST-52.ts
  
Copying file:///home/pablo_perez92/stream-project/hls/TEST.m3u8 to gs://tfg-stream-bucket-2026/TEST.m3u8
.

Average throughput: 71.9MiB/s
At file:///home/pablo_perez92/stream-project/hls/**, worker process 175847 thread 140709093394240 listed 22...
At gs://tfg-stream-bucket-2026/**, worker process 175847 thread 140709093394240 listed 22...
Copying file:///home/pablo_perez92/stream-project/hls/TEST-52.ts to gs://tfg-stream-bucket-2026/TEST-52.ts
  
.
At file:///home/pablo_perez92/stream-project/hls/**, worker process 175893 thread 139634695800640 listed 22...
At gs://tfg-stream-bucket-2026/**, worker process 175893 thread 139634695800640 listed 22...
Copying file:///home/pablo_perez92/stream-project/hls/TEST-52.ts to gs://tfg-stream-bucket-2026/TEST-52.ts
  
..
At file:///home/pablo_perez92/stream-project/hls/**, worker process 175938 thread 139937897932608 listed 23...
At gs://tfg-stream-bucket-2026/**, worker process 175938 thread 139937897932608 listed 22...
Copying file:///home/pablo_perez92/stream-project/hls/TEST-52.ts to gs://tfg-stream-bucket-2026/TEST-52.ts
Copying file:///home/pablo_perez92/stream-project/hls/TEST-53.ts to gs://tfg-stream-bucket-2026/TEST-53.ts
  
Copying file:///home/pablo_perez92/stream-project/hls/TEST.m3u8 to gs://tfg-stream-bucket-2026/TEST.m3u8
.

Average throughput: 57.0MiB/s
At file:///home/pablo_perez92/stream-project/hls/**, worker process 175983 thread 139759846577984 listed 23...
At gs://tfg-stream-bucket-2026/**, worker process 175983 thread 139759846577984 listed 23...
Copying file:///home/pablo_perez92/stream-project/hls/TEST-53.ts to gs://tfg-stream-bucket-2026/TEST-53.ts
  
.
At file:///home/pablo_perez92/stream-project/hls/**, worker process 176029 thread 140573230892864 listed 23...
At gs://tfg-stream-bucket-2026/**, worker process 176029 thread 140573230892864 listed 23...
Copying file:///home/pablo_perez92/stream-project/hls/TEST-53.ts to gs://tfg-stream-bucket-2026/TEST-53.ts
  
..
At file:///home/pablo_perez92/stream-project/hls/**, worker process 176074 thread 139951216252736 listed 24...
At gs://tfg-stream-bucket-2026/**, worker process 176074 thread 139951216252736 listed 23...
Copying file:///home/pablo_perez92/stream-project/hls/TEST-53.ts to gs://tfg-stream-bucket-2026/TEST-53.ts
Copying file:///home/pablo_perez92/stream-project/hls/TEST-54.ts to gs://tfg-stream-bucket-2026/TEST-54.ts
  
Copying file:///home/pablo_perez92/stream-project/hls/TEST.m3u8 to gs://tfg-stream-bucket-2026/TEST.m3u8
.

Average throughput: 74.2MiB/s
At file:///home/pablo_perez92/stream-project/hls/**, worker process 176119 thread 140345538742080 listed 24...
At gs://tfg-stream-bucket-2026/**, worker process 176119 thread 140345538742080 listed 24...
Copying file:///home/pablo_perez92/stream-project/hls/TEST-54.ts to gs://tfg-stream-bucket-2026/TEST-54.ts
  
.
At file:///home/pablo_perez92/stream-project/hls/**, worker process 176164 thread 140513826645824 listed 24...
At gs://tfg-stream-bucket-2026/**, worker process 176164 thread 140513826645824 listed 24...
Copying file:///home/pablo_perez92/stream-project/hls/TEST-54.ts to gs://tfg-stream-bucket-2026/TEST-54.ts
  
..
At file:///home/pablo_perez92/stream-project/hls/**, worker process 176210 thread 140381898630976 listed 25...
At gs://tfg-stream-bucket-2026/**, worker process 176210 thread 140381898630976 listed 24...
Copying file:///home/pablo_perez92/stream-project/hls/TEST-54.ts to gs://tfg-stream-bucket-2026/TEST-54.ts
Copying file:///home/pablo_perez92/stream-project/hls/TEST-55.ts to gs://tfg-stream-bucket-2026/TEST-55.ts
  
Copying file:///home/pablo_perez92/stream-project/hls/TEST.m3u8 to gs://tfg-stream-bucket-2026/TEST.m3u8
..

Average throughput: 48.7MiB/s
At file:///home/pablo_perez92/stream-project/hls/**, worker process 176255 thread 139650110879552 listed 25...
At gs://tfg-stream-bucket-2026/**, worker process 176255 thread 139650110879552 listed 25...
Copying file:///home/pablo_perez92/stream-project/hls/TEST-55.ts to gs://tfg-stream-bucket-2026/TEST-55.ts
  
.
At file:///home/pablo_perez92/stream-project/hls/**, worker process 176300 thread 140548224288576 listed 25...
At gs://tfg-stream-bucket-2026/**, worker process 176300 thread 140548224288576 listed 25...
Copying file:///home/pablo_perez92/stream-project/hls/TEST-55.ts to gs://tfg-stream-bucket-2026/TEST-55.ts
  
..
At file:///home/pablo_perez92/stream-project/hls/**, worker process 176346 thread 140096981395264 listed 26...
At gs://tfg-stream-bucket-2026/**, worker process 176346 thread 140096981395264 listed 25...
Copying file:///home/pablo_perez92/stream-project/hls/TEST-55.ts to gs://tfg-stream-bucket-2026/TEST-55.ts
Copying file:///home/pablo_perez92/stream-project/hls/TEST-56.ts to gs://tfg-stream-bucket-2026/TEST-56.ts
  
Copying file:///home/pablo_perez92/stream-project/hls/TEST.m3u8 to gs://tfg-stream-bucket-2026/TEST.m3u8
.

Average throughput: 78.8MiB/s
At file:///home/pablo_perez92/stream-project/hls/**, worker process 176391 thread 140520222574400 listed 26...
At gs://tfg-stream-bucket-2026/**, worker process 176391 thread 140520222574400 listed 26...
Copying file:///home/pablo_perez92/stream-project/hls/TEST-56.ts to gs://tfg-stream-bucket-2026/TEST-56.ts
  
.
At file:///home/pablo_perez92/stream-project/hls/**, worker process 176439 thread 139774024501056 listed 26...
At gs://tfg-stream-bucket-2026/**, worker process 176439 thread 139774024501056 listed 26...
Copying file:///home/pablo_perez92/stream-project/hls/TEST-56.ts to gs://tfg-stream-bucket-2026/TEST-56.ts
  
..
At file:///home/pablo_perez92/stream-project/hls/**, worker process 176484 thread 139758902769472 listed 27...
At gs://tfg-stream-bucket-2026/**, worker process 176484 thread 139758902769472 listed 26...
Copying file:///home/pablo_perez92/stream-project/hls/TEST-56.ts to gs://tfg-stream-bucket-2026/TEST-56.ts
Copying file:///home/pablo_perez92/stream-project/hls/TEST-57.ts to gs://tfg-stream-bucket-2026/TEST-57.ts
  
Copying file:///home/pablo_perez92/stream-project/hls/TEST.m3u8 to gs://tfg-stream-bucket-2026/TEST.m3u8
.

Average throughput: 72.8MiB/s
At file:///home/pablo_perez92/stream-project/hls/**, worker process 176530 thread 140287944501056 listed 27...
At gs://tfg-stream-bucket-2026/**, worker process 176530 thread 140287944501056 listed 27...
Copying file:///home/pablo_perez92/stream-project/hls/TEST-57.ts to gs://tfg-stream-bucket-2026/TEST-57.ts
  
.
At file:///home/pablo_perez92/stream-project/hls/**, worker process 176575 thread 139866186094400 listed 27...
At gs://tfg-stream-bucket-2026/**, worker process 176575 thread 139866186094400 listed 27...
Copying file:///home/pablo_perez92/stream-project/hls/TEST-57.ts to gs://tfg-stream-bucket-2026/TEST-57.ts
  
..
At file:///home/pablo_perez92/stream-project/hls/**, worker process 176620 thread 140379174184768 listed 28...
At gs://tfg-stream-bucket-2026/**, worker process 176620 thread 140379174184768 listed 27...
Copying file:///home/pablo_perez92/stream-project/hls/TEST-57.ts to gs://tfg-stream-bucket-2026/TEST-57.ts
Copying file:///home/pablo_perez92/stream-project/hls/TEST-58.ts to gs://tfg-stream-bucket-2026/TEST-58.ts
  
Copying file:///home/pablo_perez92/stream-project/hls/TEST.m3u8 to gs://tfg-stream-bucket-2026/TEST.m3u8
.

Average throughput: 77.4MiB/s
At file:///home/pablo_perez92/stream-project/hls/**, worker process 176666 thread 139972087797568 listed 28...
At gs://tfg-stream-bucket-2026/**, worker process 176666 thread 139972087797568 listed 28...
Copying file:///home/pablo_perez92/stream-project/hls/TEST-58.ts to gs://tfg-stream-bucket-2026/TEST-58.ts
  
.
At file:///home/pablo_perez92/stream-project/hls/**, worker process 176711 thread 140124826896192 listed 28...
At gs://tfg-stream-bucket-2026/**, worker process 176711 thread 140124826896192 listed 28...
Copying file:///home/pablo_perez92/stream-project/hls/TEST-58.ts to gs://tfg-stream-bucket-2026/TEST-58.ts
  
..
At file:///home/pablo_perez92/stream-project/hls/**, worker process 176756 thread 140200843855680 listed 29...
At gs://tfg-stream-bucket-2026/**, worker process 176756 thread 140200843855680 listed 28...
Copying file:///home/pablo_perez92/stream-project/hls/TEST-58.ts to gs://tfg-stream-bucket-2026/TEST-58.ts
Copying file:///home/pablo_perez92/stream-project/hls/TEST-59.ts to gs://tfg-stream-bucket-2026/TEST-59.ts
  
Copying file:///home/pablo_perez92/stream-project/hls/TEST.m3u8 to gs://tfg-stream-bucket-2026/TEST.m3u8
.

Average throughput: 57.8MiB/s
At file:///home/pablo_perez92/stream-project/hls/**, worker process 176801 thread 140150840018752 listed 29...
At gs://tfg-stream-bucket-2026/**, worker process 176801 thread 140150840018752 listed 29...
Copying file:///home/pablo_perez92/stream-project/hls/TEST-59.ts to gs://tfg-stream-bucket-2026/TEST-59.ts
  
.
At file:///home/pablo_perez92/stream-project/hls/**, worker process 176847 thread 140257720215360 listed 29...
At gs://tfg-stream-bucket-2026/**, worker process 176847 thread 140257720215360 listed 29...
Copying file:///home/pablo_perez92/stream-project/hls/TEST-59.ts to gs://tfg-stream-bucket-2026/TEST-59.ts
  
..
At file:///home/pablo_perez92/stream-project/hls/**, worker process 176892 thread 139653491148608 listed 30...
At gs://tfg-stream-bucket-2026/**, worker process 176892 thread 139653491148608 listed 29...
Copying file:///home/pablo_perez92/stream-project/hls/TEST-59.ts to gs://tfg-stream-bucket-2026/TEST-59.ts
Copying file:///home/pablo_perez92/stream-project/hls/TEST-60.ts to gs://tfg-stream-bucket-2026/TEST-60.ts
  
Copying file:///home/pablo_perez92/stream-project/hls/TEST.m3u8 to gs://tfg-stream-bucket-2026/TEST.m3u8
.

Average throughput: 79.1MiB/s
At file:///home/pablo_perez92/stream-project/hls/**, worker process 176937 thread 139835731183424 listed 30...
At gs://tfg-stream-bucket-2026/**, worker process 176937 thread 139835731183424 listed 30...
Copying file:///home/pablo_perez92/stream-project/hls/TEST-60.ts to gs://tfg-stream-bucket-2026/TEST-60.ts
  
.
At file:///home/pablo_perez92/stream-project/hls/**, worker process 176982 thread 140356016658240 listed 30...
At gs://tfg-stream-bucket-2026/**, worker process 176982 thread 140356016658240 listed 30...
Copying file:///home/pablo_perez92/stream-project/hls/TEST-60.ts to gs://tfg-stream-bucket-2026/TEST-60.ts
  
..
At file:///home/pablo_perez92/stream-project/hls/**, worker process 177028 thread 140120001165120 listed 31...
At gs://tfg-stream-bucket-2026/**, worker process 177028 thread 140120001165120 listed 30...
Copying file:///home/pablo_perez92/stream-project/hls/TEST-60.ts to gs://tfg-stream-bucket-2026/TEST-60.ts
Copying file:///home/pablo_perez92/stream-project/hls/TEST-61.ts to gs://tfg-stream-bucket-2026/TEST-61.ts
  
Copying file:///home/pablo_perez92/stream-project/hls/TEST.m3u8 to gs://tfg-stream-bucket-2026/TEST.m3u8
.

Average throughput: 59.1MiB/s
At file:///home/pablo_perez92/stream-project/hls/**, worker process 177073 thread 140506865989440 listed 31...
At gs://tfg-stream-bucket-2026/**, worker process 177073 thread 140506865989440 listed 31...
Copying file:///home/pablo_perez92/stream-project/hls/TEST-61.ts to gs://tfg-stream-bucket-2026/TEST-61.ts
  
.
At file:///home/pablo_perez92/stream-project/hls/**, worker process 177118 thread 140047610795840 listed 16...
At gs://tfg-stream-bucket-2026/**, worker process 177118 thread 140047610795840 listed 31...
  
Removing gs://tfg-stream-bucket-2026/TEST-32.ts#1775306437642578...
Removing gs://tfg-stream-bucket-2026/TEST-34.ts#1775306454492588...
Removing gs://tfg-stream-bucket-2026/TEST-38.ts#1775306488615712...
Copying file:///home/pablo_perez92/stream-project/hls/TEST-61.ts to gs://tfg-stream-bucket-2026/TEST-61.ts
Removing gs://tfg-stream-bucket-2026/TEST-45.ts#1775306547731626...
Removing gs://tfg-stream-bucket-2026/TEST-46.ts#1775306556418159...
Removing gs://tfg-stream-bucket-2026/TEST-44.ts#1775306539120836...
Removing gs://tfg-stream-bucket-2026/TEST-43.ts#1775306530758848...
Removing gs://tfg-stream-bucket-2026/TEST-42.ts#1775306522368808...
Removing gs://tfg-stream-bucket-2026/TEST-41.ts#1775306513784552...
Removing gs://tfg-stream-bucket-2026/TEST-40.ts#1775306505387329...
Removing gs://tfg-stream-bucket-2026/TEST-39.ts#1775306496968706...
Removing gs://tfg-stream-bucket-2026/TEST-36.ts#1775306471579431...
Removing gs://tfg-stream-bucket-2026/TEST-37.ts#1775306480123972...
Removing gs://tfg-stream-bucket-2026/TEST-33.ts#1775306446103604...
Removing gs://tfg-stream-bucket-2026/TEST-35.ts#1775306462998990...
...
At file:///home/pablo_perez92/stream-project/hls/**, worker process 177255 thread 140254289971008 listed 17...
At gs://tfg-stream-bucket-2026/**, worker process 177255 thread 140254289971008 listed 16...
Copying file:///home/pablo_perez92/stream-project/hls/TEST-61.ts to gs://tfg-stream-bucket-2026/TEST-61.ts
Copying file:///home/pablo_perez92/stream-project/hls/TEST-62.ts to gs://tfg-stream-bucket-2026/TEST-62.ts
  
Copying file:///home/pablo_perez92/stream-project/hls/TEST.m3u8 to gs://tfg-stream-bucket-2026/TEST.m3u8
.

Average throughput: 71.0MiB/s
At file:///home/pablo_perez92/stream-project/hls/**, worker process 177300 thread 140513911596864 listed 17...
At gs://tfg-stream-bucket-2026/**, worker process 177300 thread 140513911596864 listed 17...
Copying file:///home/pablo_perez92/stream-project/hls/TEST-62.ts to gs://tfg-stream-bucket-2026/TEST-62.ts
  
.
At file:///home/pablo_perez92/stream-project/hls/**, worker process 177345 thread 139792589092672 listed 17...
At gs://tfg-stream-bucket-2026/**, worker process 177345 thread 139792589092672 listed 17...
Copying file:///home/pablo_perez92/stream-project/hls/TEST-62.ts to gs://tfg-stream-bucket-2026/TEST-62.ts
  
..
At file:///home/pablo_perez92/stream-project/hls/**, worker process 177390 thread 140283224340288 listed 18...
At gs://tfg-stream-bucket-2026/**, worker process 177390 thread 140283224340288 listed 17...
Copying file:///home/pablo_perez92/stream-project/hls/TEST-62.ts to gs://tfg-stream-bucket-2026/TEST-62.ts
Copying file:///home/pablo_perez92/stream-project/hls/TEST-63.ts to gs://tfg-stream-bucket-2026/TEST-63.ts
  
Copying file:///home/pablo_perez92/stream-project/hls/TEST.m3u8 to gs://tfg-stream-bucket-2026/TEST.m3u8
.

Average throughput: 71.9MiB/s
At file:///home/pablo_perez92/stream-project/hls/**, worker process 177436 thread 140692782630720 listed 18...
At gs://tfg-stream-bucket-2026/**, worker process 177436 thread 140692782630720 listed 18...
Copying file:///home/pablo_perez92/stream-project/hls/TEST-63.ts to gs://tfg-stream-bucket-2026/TEST-63.ts
  
.
At file:///home/pablo_perez92/stream-project/hls/**, worker process 177481 thread 139671538112320 listed 18...
At gs://tfg-stream-bucket-2026/**, worker process 177481 thread 139671538112320 listed 18...
Copying file:///home/pablo_perez92/stream-project/hls/TEST-63.ts to gs://tfg-stream-bucket-2026/TEST-63.ts
  
..
At file:///home/pablo_perez92/stream-project/hls/**, worker process 177529 thread 140026789762880 listed 19...
At gs://tfg-stream-bucket-2026/**, worker process 177529 thread 140026789762880 listed 18...
Copying file:///home/pablo_perez92/stream-project/hls/TEST-63.ts to gs://tfg-stream-bucket-2026/TEST-63.ts
Copying file:///home/pablo_perez92/stream-project/hls/TEST-64.ts to gs://tfg-stream-bucket-2026/TEST-64.ts
  
Copying file:///home/pablo_perez92/stream-project/hls/TEST.m3u8 to gs://tfg-stream-bucket-2026/TEST.m3u8
.

Average throughput: 71.9MiB/s
At file:///home/pablo_perez92/stream-project/hls/**, worker process 177575 thread 140339487676224 listed 19...
At gs://tfg-stream-bucket-2026/**, worker process 177575 thread 140339487676224 listed 19...
Copying file:///home/pablo_perez92/stream-project/hls/TEST-64.ts to gs://tfg-stream-bucket-2026/TEST-64.ts
  
.
At file:///home/pablo_perez92/stream-project/hls/**, worker process 177620 thread 140382897534784 listed 19...
At gs://tfg-stream-bucket-2026/**, worker process 177620 thread 140382897534784 listed 19...
Copying file:///home/pablo_perez92/stream-project/hls/TEST-64.ts to gs://tfg-stream-bucket-2026/TEST-64.ts
  
..
At file:///home/pablo_perez92/stream-project/hls/**, worker process 177665 thread 140223829780288 listed 20...
At gs://tfg-stream-bucket-2026/**, worker process 177665 thread 140223829780288 listed 19...
Copying file:///home/pablo_perez92/stream-project/hls/TEST-64.ts to gs://tfg-stream-bucket-2026/TEST-64.ts
Copying file:///home/pablo_perez92/stream-project/hls/TEST-65.ts to gs://tfg-stream-bucket-2026/TEST-65.ts
  
Copying file:///home/pablo_perez92/stream-project/hls/TEST.m3u8 to gs://tfg-stream-bucket-2026/TEST.m3u8
..

Average throughput: 54.4MiB/s
At file:///home/pablo_perez92/stream-project/hls/**, worker process 177710 thread 139991661111104 listed 20...
At gs://tfg-stream-bucket-2026/**, worker process 177710 thread 139991661111104 listed 20...
Copying file:///home/pablo_perez92/stream-project/hls/TEST-65.ts to gs://tfg-stream-bucket-2026/TEST-65.ts
  
.
At file:///home/pablo_perez92/stream-project/hls/**, worker process 177756 thread 140060012906304 listed 20...
At gs://tfg-stream-bucket-2026/**, worker process 177756 thread 140060012906304 listed 20...
Copying file:///home/pablo_perez92/stream-project/hls/TEST-65.ts to gs://tfg-stream-bucket-2026/TEST-65.ts
  
..
At file:///home/pablo_perez92/stream-project/hls/**, worker process 177801 thread 139860234037056 listed 21...
At gs://tfg-stream-bucket-2026/**, worker process 177801 thread 139860234037056 listed 20...
Copying file:///home/pablo_perez92/stream-project/hls/TEST-65.ts to gs://tfg-stream-bucket-2026/TEST-65.ts
Copying file:///home/pablo_perez92/stream-project/hls/TEST-66.ts to gs://tfg-stream-bucket-2026/TEST-66.ts
  
Copying file:///home/pablo_perez92/stream-project/hls/TEST.m3u8 to gs://tfg-stream-bucket-2026/TEST.m3u8
.

Average throughput: 86.1MiB/s
At file:///home/pablo_perez92/stream-project/hls/**, worker process 177846 thread 140232518698816 listed 21...
At gs://tfg-stream-bucket-2026/**, worker process 177846 thread 140232518698816 listed 21...
Copying file:///home/pablo_perez92/stream-project/hls/TEST-66.ts to gs://tfg-stream-bucket-2026/TEST-66.ts
  
.
At file:///home/pablo_perez92/stream-project/hls/**, worker process 177892 thread 139832201869120 listed 21...
At gs://tfg-stream-bucket-2026/**, worker process 177892 thread 139832201869120 listed 21...
Copying file:///home/pablo_perez92/stream-project/hls/TEST-66.ts to gs://tfg-stream-bucket-2026/TEST-66.ts
  
..
At file:///home/pablo_perez92/stream-project/hls/**, worker process 177937 thread 140691903412032 listed 22...
At gs://tfg-stream-bucket-2026/**, worker process 177937 thread 140691903412032 listed 21...
Copying file:///home/pablo_perez92/stream-project/hls/TEST-66.ts to gs://tfg-stream-bucket-2026/TEST-66.ts
Copying file:///home/pablo_perez92/stream-project/hls/TEST-67.ts to gs://tfg-stream-bucket-2026/TEST-67.ts
  
Copying file:///home/pablo_perez92/stream-project/hls/TEST.m3u8 to gs://tfg-stream-bucket-2026/TEST.m3u8
.

Average throughput: 75.0MiB/s
At file:///home/pablo_perez92/stream-project/hls/**, worker process 177983 thread 140357565790016 listed 22...
At gs://tfg-stream-bucket-2026/**, worker process 177983 thread 140357565790016 listed 22...
Copying file:///home/pablo_perez92/stream-project/hls/TEST-67.ts to gs://tfg-stream-bucket-2026/TEST-67.ts
  
..
At file:///home/pablo_perez92/stream-project/hls/**, worker process 178028 thread 140699259123520 listed 22...
At gs://tfg-stream-bucket-2026/**, worker process 178028 thread 140699259123520 listed 22...
Copying file:///home/pablo_perez92/stream-project/hls/TEST-67.ts to gs://tfg-stream-bucket-2026/TEST-67.ts
  
..
At file:///home/pablo_perez92/stream-project/hls/**, worker process 178074 thread 139786871572288 listed 23...
At gs://tfg-stream-bucket-2026/**, worker process 178074 thread 139786871572288 listed 22...
Copying file:///home/pablo_perez92/stream-project/hls/TEST-67.ts to gs://tfg-stream-bucket-2026/TEST-67.ts
Copying file:///home/pablo_perez92/stream-project/hls/TEST-68.ts to gs://tfg-stream-bucket-2026/TEST-68.ts
  
Copying file:///home/pablo_perez92/stream-project/hls/TEST.m3u8 to gs://tfg-stream-bucket-2026/TEST.m3u8
.

Average throughput: 77.8MiB/s
At file:///home/pablo_perez92/stream-project/hls/**, worker process 178119 thread 139631620257600 listed 23...
At gs://tfg-stream-bucket-2026/**, worker process 178119 thread 139631620257600 listed 23...
Copying file:///home/pablo_perez92/stream-project/hls/TEST-68.ts to gs://tfg-stream-bucket-2026/TEST-68.ts
  
.
At file:///home/pablo_perez92/stream-project/hls/**, worker process 178164 thread 139977985910592 listed 23...
At gs://tfg-stream-bucket-2026/**, worker process 178164 thread 139977985910592 listed 23...
Copying file:///home/pablo_perez92/stream-project/hls/TEST-68.ts to gs://tfg-stream-bucket-2026/TEST-68.ts
  
..
At file:///home/pablo_perez92/stream-project/hls/**, worker process 178210 thread 140699092895552 listed 24...
At gs://tfg-stream-bucket-2026/**, worker process 178210 thread 140699092895552 listed 23...
Copying file:///home/pablo_perez92/stream-project/hls/TEST-68.ts to gs://tfg-stream-bucket-2026/TEST-68.ts
Copying file:///home/pablo_perez92/stream-project/hls/TEST-69.ts to gs://tfg-stream-bucket-2026/TEST-69.ts
  
Copying file:///home/pablo_perez92/stream-project/hls/TEST.m3u8 to gs://tfg-stream-bucket-2026/TEST.m3u8
.

Average throughput: 183.7MiB/s
At file:///home/pablo_perez92/stream-project/hls/**, worker process 178255 thread 140543727351616 listed 24...
At gs://tfg-stream-bucket-2026/**, worker process 178255 thread 140543727351616 listed 24...
Copying file:///home/pablo_perez92/stream-project/hls/TEST-69.ts to gs://tfg-stream-bucket-2026/TEST-69.ts
  
.
At file:///home/pablo_perez92/stream-project/hls/**, worker process 178300 thread 140358317619008 listed 24...
At gs://tfg-stream-bucket-2026/**, worker process 178300 thread 140358317619008 listed 24...
Copying file:///home/pablo_perez92/stream-project/hls/TEST-69.ts to gs://tfg-stream-bucket-2026/TEST-69.ts
  
..
At file:///home/pablo_perez92/stream-project/hls/**, worker process 178345 thread 140036717991744 listed 25...
At gs://tfg-stream-bucket-2026/**, worker process 178345 thread 140036717991744 listed 24...
Copying file:///home/pablo_perez92/stream-project/hls/TEST-69.ts to gs://tfg-stream-bucket-2026/TEST-69.ts
Copying file:///home/pablo_perez92/stream-project/hls/TEST-70.ts to gs://tfg-stream-bucket-2026/TEST-70.ts
  
Copying file:///home/pablo_perez92/stream-project/hls/TEST.m3u8 to gs://tfg-stream-bucket-2026/TEST.m3u8
..

Average throughput: 92.2MiB/s
At file:///home/pablo_perez92/stream-project/hls/**, worker process 178391 thread 140532832356160 listed 25...
At gs://tfg-stream-bucket-2026/**, worker process 178391 thread 140532832356160 listed 25...
Copying file:///home/pablo_perez92/stream-project/hls/TEST-70.ts to gs://tfg-stream-bucket-2026/TEST-70.ts
  
..
At file:///home/pablo_perez92/stream-project/hls/**, worker process 178436 thread 140429523486528 listed 25...
At gs://tfg-stream-bucket-2026/**, worker process 178436 thread 140429523486528 listed 25...
Copying file:///home/pablo_perez92/stream-project/hls/TEST-70.ts to gs://tfg-stream-bucket-2026/TEST-70.ts
  
.
At file:///home/pablo_perez92/stream-project/hls/**, worker process 178484 thread 140136786126656 listed 26...
At gs://tfg-stream-bucket-2026/**, worker process 178484 thread 140136786126656 listed 25...
Copying file:///home/pablo_perez92/stream-project/hls/TEST-70.ts to gs://tfg-stream-bucket-2026/TEST-70.ts
Copying file:///home/pablo_perez92/stream-project/hls/TEST-71.ts to gs://tfg-stream-bucket-2026/TEST-71.ts
  
Copying file:///home/pablo_perez92/stream-project/hls/TEST.m3u8 to gs://tfg-stream-bucket-2026/TEST.m3u8
..

Average throughput: 55.4MiB/s
At file:///home/pablo_perez92/stream-project/hls/**, worker process 178530 thread 140314679523136 listed 26...
At gs://tfg-stream-bucket-2026/**, worker process 178530 thread 140314679523136 listed 26...
Copying file:///home/pablo_perez92/stream-project/hls/TEST-71.ts to gs://tfg-stream-bucket-2026/TEST-71.ts
  
..
At file:///home/pablo_perez92/stream-project/hls/**, worker process 178575 thread 140718191486784 listed 27...
At gs://tfg-stream-bucket-2026/**, worker process 178575 thread 140718191486784 listed 26...
Copying file:///home/pablo_perez92/stream-project/hls/TEST-71.ts to gs://tfg-stream-bucket-2026/TEST-71.ts
Copying file:///home/pablo_perez92/stream-project/hls/TEST-72.ts to gs://tfg-stream-bucket-2026/TEST-72.ts
  
Copying file:///home/pablo_perez92/stream-project/hls/TEST.m3u8 to gs://tfg-stream-bucket-2026/TEST.m3u8
..

Average throughput: 55.6MiB/s
At file:///home/pablo_perez92/stream-project/hls/**, worker process 178620 thread 140280654120768 listed 27...
At gs://tfg-stream-bucket-2026/**, worker process 178620 thread 140280654120768 listed 27...
Copying file:///home/pablo_perez92/stream-project/hls/TEST-72.ts to gs://tfg-stream-bucket-2026/TEST-72.ts
  
.
At file:///home/pablo_perez92/stream-project/hls/**, worker process 178665 thread 139895519770432 listed 27...
At gs://tfg-stream-bucket-2026/**, worker process 178665 thread 139895519770432 listed 27...
Copying file:///home/pablo_perez92/stream-project/hls/TEST-72.ts to gs://tfg-stream-bucket-2026/TEST-72.ts
  
..
At file:///home/pablo_perez92/stream-project/hls/**, worker process 178711 thread 139701354125120 listed 28...
At gs://tfg-stream-bucket-2026/**, worker process 178711 thread 139701354125120 listed 27...
Copying file:///home/pablo_perez92/stream-project/hls/TEST-72.ts to gs://tfg-stream-bucket-2026/TEST-72.ts
Copying file:///home/pablo_perez92/stream-project/hls/TEST-73.ts to gs://tfg-stream-bucket-2026/TEST-73.ts
  
Copying file:///home/pablo_perez92/stream-project/hls/TEST.m3u8 to gs://tfg-stream-bucket-2026/TEST.m3u8
.

Average throughput: 79.1MiB/s
At file:///home/pablo_perez92/stream-project/hls/**, worker process 178756 thread 140672940205888 listed 28...
At gs://tfg-stream-bucket-2026/**, worker process 178756 thread 140672940205888 listed 28...
Copying file:///home/pablo_perez92/stream-project/hls/TEST-73.ts to gs://tfg-stream-bucket-2026/TEST-73.ts
  
.
At file:///home/pablo_perez92/stream-project/hls/**, worker process 178801 thread 140579327526720 listed 28...
At gs://tfg-stream-bucket-2026/**, worker process 178801 thread 140579327526720 listed 28...
Copying file:///home/pablo_perez92/stream-project/hls/TEST-73.ts to gs://tfg-stream-bucket-2026/TEST-73.ts
  
..
At file:///home/pablo_perez92/stream-project/hls/**, worker process 178847 thread 140008156247872 listed 29...
At gs://tfg-stream-bucket-2026/**, worker process 178847 thread 140008156247872 listed 28...
Copying file:///home/pablo_perez92/stream-project/hls/TEST-73.ts to gs://tfg-stream-bucket-2026/TEST-73.ts
Copying file:///home/pablo_perez92/stream-project/hls/TEST-74.ts to gs://tfg-stream-bucket-2026/TEST-74.ts
  
Copying file:///home/pablo_perez92/stream-project/hls/TEST.m3u8 to gs://tfg-stream-bucket-2026/TEST.m3u8
.

Average throughput: 76.3MiB/s
At file:///home/pablo_perez92/stream-project/hls/**, worker process 178892 thread 140120569702208 listed 29...
At gs://tfg-stream-bucket-2026/**, worker process 178892 thread 140120569702208 listed 29...
Copying file:///home/pablo_perez92/stream-project/hls/TEST-74.ts to gs://tfg-stream-bucket-2026/TEST-74.ts
  
.
At file:///home/pablo_perez92/stream-project/hls/**, worker process 178937 thread 139986311427904 listed 29...
At gs://tfg-stream-bucket-2026/**, worker process 178937 thread 139986311427904 listed 29...
Copying file:///home/pablo_perez92/stream-project/hls/TEST-74.ts to gs://tfg-stream-bucket-2026/TEST-74.ts
  
..
At file:///home/pablo_perez92/stream-project/hls/**, worker process 178982 thread 139638233753408 listed 30...
At gs://tfg-stream-bucket-2026/**, worker process 178982 thread 139638233753408 listed 29...
Copying file:///home/pablo_perez92/stream-project/hls/TEST-74.ts to gs://tfg-stream-bucket-2026/TEST-74.ts
Copying file:///home/pablo_perez92/stream-project/hls/TEST-75.ts to gs://tfg-stream-bucket-2026/TEST-75.ts
  
Copying file:///home/pablo_perez92/stream-project/hls/TEST.m3u8 to gs://tfg-stream-bucket-2026/TEST.m3u8
.

Average throughput: 66.6MiB/s
At file:///home/pablo_perez92/stream-project/hls/**, worker process 179028 thread 140341163636544 listed 30...
At gs://tfg-stream-bucket-2026/**, worker process 179028 thread 140341163636544 listed 30...
Copying file:///home/pablo_perez92/stream-project/hls/TEST-75.ts to gs://tfg-stream-bucket-2026/TEST-75.ts
  
.
At file:///home/pablo_perez92/stream-project/hls/**, worker process 179073 thread 140634739382080 listed 30...
At gs://tfg-stream-bucket-2026/**, worker process 179073 thread 140634739382080 listed 30...
Copying file:///home/pablo_perez92/stream-project/hls/TEST-75.ts to gs://tfg-stream-bucket-2026/TEST-75.ts
  
..
At file:///home/pablo_perez92/stream-project/hls/**, worker process 179118 thread 139752288581440 listed 31...
At gs://tfg-stream-bucket-2026/**, worker process 179118 thread 139752288581440 listed 30...
  

ERROR: gcloud crashed (FileNotFoundError): [Errno 2] No such file or directory: '/home/pablo_perez92/stream-project/hls/TEST-47.ts'

If you would like to report this issue, please run the following command:
  gcloud feedback

To check gcloud for common problems, please run the following command:
  gcloud info --run-diagnostics
At file:///home/pablo_perez92/stream-project/hls/**, worker process 179162 thread 140415156885312 listed 17...
At gs://tfg-stream-bucket-2026/**, worker process 179162 thread 140415156885312 listed 30...
  
Removing gs://tfg-stream-bucket-2026/TEST-47.ts#1775306565194933...
Removing gs://tfg-stream-bucket-2026/TEST-49.ts#1775306579379063...
Removing gs://tfg-stream-bucket-2026/TEST-53.ts#1775306612977707...
Removing gs://tfg-stream-bucket-2026/TEST-60.ts#1775306672106514...
Copying file:///home/pablo_perez92/stream-project/hls/TEST-75.ts to gs://tfg-stream-bucket-2026/TEST-75.ts
Copying file:///home/pablo_perez92/stream-project/hls/TEST-76.ts to gs://tfg-stream-bucket-2026/TEST-76.ts
Copying file:///home/pablo_perez92/stream-project/hls/TEST.m3u8 to gs://tfg-stream-bucket-2026/TEST.m3u8
Removing gs://tfg-stream-bucket-2026/TEST-59.ts#1775306663667123...
Removing gs://tfg-stream-bucket-2026/TEST-58.ts#1775306655359242...
Removing gs://tfg-stream-bucket-2026/TEST-55.ts#1775306630062947...
Removing gs://tfg-stream-bucket-2026/TEST-57.ts#1775306646961062...
Removing gs://tfg-stream-bucket-2026/TEST-56.ts#1775306638492858...
Removing gs://tfg-stream-bucket-2026/TEST-52.ts#1775306604597382...
Removing gs://tfg-stream-bucket-2026/TEST-54.ts#1775306621496040...
Removing gs://tfg-stream-bucket-2026/TEST-51.ts#1775306596197381...
Removing gs://tfg-stream-bucket-2026/TEST-48.ts#1775306570918486...
Removing gs://tfg-stream-bucket-2026/TEST-50.ts#1775306587810784...
..

Average throughput: 74.5MiB/s
At file:///home/pablo_perez92/stream-project/hls/**, worker process 179294 thread 139957518542656 listed 17...
At gs://tfg-stream-bucket-2026/**, worker process 179294 thread 139957518542656 listed 17...
Copying file:///home/pablo_perez92/stream-project/hls/TEST-76.ts to gs://tfg-stream-bucket-2026/TEST-76.ts
  
..
At file:///home/pablo_perez92/stream-project/hls/**, worker process 179339 thread 139652143355712 listed 18...
At gs://tfg-stream-bucket-2026/**, worker process 179339 thread 139652143355712 listed 17...
Copying file:///home/pablo_perez92/stream-project/hls/TEST-76.ts to gs://tfg-stream-bucket-2026/TEST-76.ts
Copying file:///home/pablo_perez92/stream-project/hls/TEST-77.ts to gs://tfg-stream-bucket-2026/TEST-77.ts
  
Copying file:///home/pablo_perez92/stream-project/hls/TEST.m3u8 to gs://tfg-stream-bucket-2026/TEST.m3u8
.

Average throughput: 86.9MiB/s
At file:///home/pablo_perez92/stream-project/hls/**, worker process 179384 thread 140019413354304 listed 18...
At gs://tfg-stream-bucket-2026/**, worker process 179384 thread 140019413354304 listed 18...
Copying file:///home/pablo_perez92/stream-project/hls/TEST-77.ts to gs://tfg-stream-bucket-2026/TEST-77.ts
  
.
At file:///home/pablo_perez92/stream-project/hls/**, worker process 179430 thread 140527604455232 listed 18...
At gs://tfg-stream-bucket-2026/**, worker process 179430 thread 140527604455232 listed 18...
Copying file:///home/pablo_perez92/stream-project/hls/TEST-77.ts to gs://tfg-stream-bucket-2026/TEST-77.ts
  
..
At file:///home/pablo_perez92/stream-project/hls/**, worker process 179475 thread 140253783889728 listed 19...
At gs://tfg-stream-bucket-2026/**, worker process 179475 thread 140253783889728 listed 18...
Copying file:///home/pablo_perez92/stream-project/hls/TEST-77.ts to gs://tfg-stream-bucket-2026/TEST-77.ts
Copying file:///home/pablo_perez92/stream-project/hls/TEST-78.ts to gs://tfg-stream-bucket-2026/TEST-78.ts
  
Copying file:///home/pablo_perez92/stream-project/hls/TEST.m3u8 to gs://tfg-stream-bucket-2026/TEST.m3u8
.

Average throughput: 65.3MiB/s
At file:///home/pablo_perez92/stream-project/hls/**, worker process 179523 thread 140601239656256 listed 19...
At gs://tfg-stream-bucket-2026/**, worker process 179523 thread 140601239656256 listed 19...
Copying file:///home/pablo_perez92/stream-project/hls/TEST-78.ts to gs://tfg-stream-bucket-2026/TEST-78.ts
  
.
At file:///home/pablo_perez92/stream-project/hls/**, worker process 179569 thread 139918719571776 listed 19...
At gs://tfg-stream-bucket-2026/**, worker process 179569 thread 139918719571776 listed 19...
Copying file:///home/pablo_perez92/stream-project/hls/TEST-78.ts to gs://tfg-stream-bucket-2026/TEST-78.ts
  
..
At file:///home/pablo_perez92/stream-project/hls/**, worker process 179614 thread 140590384801600 listed 20...
At gs://tfg-stream-bucket-2026/**, worker process 179614 thread 140590384801600 listed 19...
Copying file:///home/pablo_perez92/stream-project/hls/TEST-78.ts to gs://tfg-stream-bucket-2026/TEST-78.ts
Copying file:///home/pablo_perez92/stream-project/hls/TEST-79.ts to gs://tfg-stream-bucket-2026/TEST-79.ts
  
Copying file:///home/pablo_perez92/stream-project/hls/TEST.m3u8 to gs://tfg-stream-bucket-2026/TEST.m3u8
.

Average throughput: 65.4MiB/s
At file:///home/pablo_perez92/stream-project/hls/**, worker process 179659 thread 140496601741120 listed 20...
At gs://tfg-stream-bucket-2026/**, worker process 179659 thread 140496601741120 listed 20...
Copying file:///home/pablo_perez92/stream-project/hls/TEST-79.ts to gs://tfg-stream-bucket-2026/TEST-79.ts
  
.
At file:///home/pablo_perez92/stream-project/hls/**, worker process 179704 thread 140667762116416 listed 20...
At gs://tfg-stream-bucket-2026/**, worker process 179704 thread 140667762116416 listed 20...
Copying file:///home/pablo_perez92/stream-project/hls/TEST-79.ts to gs://tfg-stream-bucket-2026/TEST-79.ts
  
..
At file:///home/pablo_perez92/stream-project/hls/**, worker process 179750 thread 140269560096576 listed 21...
At gs://tfg-stream-bucket-2026/**, worker process 179750 thread 140269560096576 listed 20...
Copying file:///home/pablo_perez92/stream-project/hls/TEST-79.ts to gs://tfg-stream-bucket-2026/TEST-79.ts
Copying file:///home/pablo_perez92/stream-project/hls/TEST-80.ts to gs://tfg-stream-bucket-2026/TEST-80.ts
  
Copying file:///home/pablo_perez92/stream-project/hls/TEST.m3u8 to gs://tfg-stream-bucket-2026/TEST.m3u8
.

Average throughput: 60.6MiB/s
At file:///home/pablo_perez92/stream-project/hls/**, worker process 179795 thread 140523650045760 listed 21...
At gs://tfg-stream-bucket-2026/**, worker process 179795 thread 140523650045760 listed 21...
  

At file:///home/pablo_perez92/stream-project/hls/**, worker process 179837 thread 139788070659904 listed 21...
At gs://tfg-stream-bucket-2026/**, worker process 179837 thread 139788070659904 listed 21...
  

At file:///home/pablo_perez92/stream-project/hls/**, worker process 179879 thread 140067726743360 listed 21...
At gs://tfg-stream-bucket-2026/**, worker process 179879 thread 140067726743360 listed 21...
  

At gs://tfg-stream-bucket-2026/**, worker process 179923 thread 139863918438208 listed 21...
  
Removing gs://tfg-stream-bucket-2026/TEST-61.ts#1775306680659455...
Removing gs://tfg-stream-bucket-2026/TEST-63.ts#1775306697502551...
Removing gs://tfg-stream-bucket-2026/TEST-67.ts#1775306731512688...
Removing gs://tfg-stream-bucket-2026/TEST-75.ts#1775306799778714...
Removing gs://tfg-stream-bucket-2026/TEST.m3u8#1775306830791219...
Removing gs://tfg-stream-bucket-2026/TEST-80.ts#1775306830822820...
Removing gs://tfg-stream-bucket-2026/TEST-79.ts#1775306830938519...
Removing gs://tfg-stream-bucket-2026/TEST-77.ts#1775306813990967...
Removing gs://tfg-stream-bucket-2026/TEST-78.ts#1775306822499482...
Removing gs://tfg-stream-bucket-2026/TEST-74.ts#1775306788615209...
Removing gs://tfg-stream-bucket-2026/TEST-76.ts#1775306805567735...
Removing gs://tfg-stream-bucket-2026/TEST-72.ts#1775306771688134...
Removing gs://tfg-stream-bucket-2026/TEST-73.ts#1775306780164074...
Removing gs://tfg-stream-bucket-2026/TEST-71.ts#1775306762986584...
Removing gs://tfg-stream-bucket-2026/TEST-70.ts#1775306757075849...
Removing gs://tfg-stream-bucket-2026/TEST-69.ts#1775306748327457...
Removing gs://tfg-stream-bucket-2026/TEST-65.ts#1775306714504820...
Removing gs://tfg-stream-bucket-2026/TEST-66.ts#1775306722908571...
Removing gs://tfg-stream-bucket-2026/TEST-68.ts#1775306739906712...
Removing gs://tfg-stream-bucket-2026/TEST-62.ts#1775306689099412...
Removing gs://tfg-stream-bucket-2026/TEST-64.ts#1775306705963418...
.
  

  

  

  

  

  

  

  

  

  

  

  

  

  

  

  

  

  

  

  

  

  

  

  

  

  

  

  

  

  

  

  

  

  

  

  

  

  

  

  

  

  

  

  

  

  

  

  

  

  

  

  

  

  

  

  

  

  

  

  

  

  

  

  

  

  

  

  

  

  

  

  

  

  

  

  

  

  

  

  

  

  

  

  

  

  

  

  

  

  

  

  

  

  

  

  

  

  

  

  

  

  

  

  

  

  

  

  

  

  

  

  

  

  

  

  

  

  

  

  

  

  

  

  

  

  

  

  

  

  

  

  

  

  

  

  

  

  

  

  

  

  

  

  

  

  

  

  

  

  

  

  

  

  

  

  

  

  

  

  

  

  

  

  

  

  

  

  

  

  

  

  

  

  

  

  

  

  

  

  

  

  

  

  

  

  

  

  

  

  

  

  

  

  

  

  

  

  

  

  

  

  

  

  

  

  

  

  

  

  

  

  

  

  

  

  

  

  

  

  

  

  

  

  

  

  

  

  

  

  

  

  

  

  

  

  

  

  

  

  

  

  

  

  

  

  

  

  

  

  

  

  

  

  

  

  

  

  

  

  

  

  

  

  

  

  

  

  

  

  

  

  

  

  

  

  

  

  

  

  

  

  

  

  

  

  

  

  

  

  

  

  

  

  

  

  

  

  

  

  

  

  

  

  

  

  

  

  

  

  

  

  

  

  

  

  

  

  

  

  

  

  

  

  

  

  

  

  

  

  

  

  

  

  

  

  

  

  

  

  

  

  

  

  

  

  

  

  

  

  

  

  

  

  

  

  

  

  

  

  

  

  

  

  

  

  

  

  

  

  

  

  

  

  

  

  

  

  

  

  

  

  

  

  

  

  

  

  

  

  

  

  

  

  

  

  

  

  

  

  

  

  

  

  

  

  

  

  

  

  

  

  

  

  

  

  

  

  

  

  

  

  

  

  

  

  

  

  

  

  

  

  

  

  

  

  

  

  

  

  

  

  

  

  

  

  

  

  

  

  

  

  

  

  

  

  

  

  

  

  

  

  

  

  

  

  

  

  

  

  

  

  

  

  

  

  

  

  

  

  

  

  

  

  

  

  

  

  

  

  

  

  

  

  

  

  

  

  

  

  

  

  

  

  

  

  

  

  

  

  

  

  

  

  

  

  

  

  

  

  

At file:///home/pablo_perez92/stream-project/hls/**, worker process 203669 thread 139953795798848 listed 1...
Copying file:///home/pablo_perez92/stream-project/hls/TEST-0.ts to gs://tfg-stream-bucket-2026/TEST-0.ts
  
.
At file:///home/pablo_perez92/stream-project/hls/**, worker process 203714 thread 140423616988992 listed 1...
At gs://tfg-stream-bucket-2026/**, worker process 203714 thread 140423616988992 listed 1...
Copying file:///home/pablo_perez92/stream-project/hls/TEST-0.ts to gs://tfg-stream-bucket-2026/TEST-0.ts
  
.
At file:///home/pablo_perez92/stream-project/hls/**, worker process 203760 thread 140022885885760 listed 1...
At gs://tfg-stream-bucket-2026/**, worker process 203760 thread 140022885885760 listed 1...
Copying file:///home/pablo_perez92/stream-project/hls/TEST-0.ts to gs://tfg-stream-bucket-2026/TEST-0.ts
  
..
At file:///home/pablo_perez92/stream-project/hls/**, worker process 203807 thread 140065178945344 listed 3...
At gs://tfg-stream-bucket-2026/**, worker process 203807 thread 140065178945344 listed 1...
Copying file:///home/pablo_perez92/stream-project/hls/TEST-0.ts to gs://tfg-stream-bucket-2026/TEST-0.ts
Copying file:///home/pablo_perez92/stream-project/hls/TEST-1.ts to gs://tfg-stream-bucket-2026/TEST-1.ts
  
Copying file:///home/pablo_perez92/stream-project/hls/TEST.m3u8 to gs://tfg-stream-bucket-2026/TEST.m3u8
.

Average throughput: 78.3MiB/s
At file:///home/pablo_perez92/stream-project/hls/**, worker process 203854 thread 140061035071296 listed 3...
At gs://tfg-stream-bucket-2026/**, worker process 203854 thread 140061035071296 listed 3...
Copying file:///home/pablo_perez92/stream-project/hls/TEST-1.ts to gs://tfg-stream-bucket-2026/TEST-1.ts
  
.
At file:///home/pablo_perez92/stream-project/hls/**, worker process 203902 thread 139904443709248 listed 3...
At gs://tfg-stream-bucket-2026/**, worker process 203902 thread 139904443709248 listed 3...
Copying file:///home/pablo_perez92/stream-project/hls/TEST-1.ts to gs://tfg-stream-bucket-2026/TEST-1.ts
  
..
At file:///home/pablo_perez92/stream-project/hls/**, worker process 203948 thread 140238585067328 listed 4...
At gs://tfg-stream-bucket-2026/**, worker process 203948 thread 140238585067328 listed 3...
Copying file:///home/pablo_perez92/stream-project/hls/TEST-1.ts to gs://tfg-stream-bucket-2026/TEST-1.ts
Copying file:///home/pablo_perez92/stream-project/hls/TEST-2.ts to gs://tfg-stream-bucket-2026/TEST-2.ts
  
Copying file:///home/pablo_perez92/stream-project/hls/TEST.m3u8 to gs://tfg-stream-bucket-2026/TEST.m3u8
..

Average throughput: 87.0MiB/s
At file:///home/pablo_perez92/stream-project/hls/**, worker process 203993 thread 140016866948928 listed 4...
At gs://tfg-stream-bucket-2026/**, worker process 203993 thread 140016866948928 listed 4...
Copying file:///home/pablo_perez92/stream-project/hls/TEST-2.ts to gs://tfg-stream-bucket-2026/TEST-2.ts
  
.
At file:///home/pablo_perez92/stream-project/hls/**, worker process 204039 thread 140008830478144 listed 4...
At gs://tfg-stream-bucket-2026/**, worker process 204039 thread 140008830478144 listed 4...
Copying file:///home/pablo_perez92/stream-project/hls/TEST-2.ts to gs://tfg-stream-bucket-2026/TEST-2.ts
  
..
At file:///home/pablo_perez92/stream-project/hls/**, worker process 204085 thread 139686685927232 listed 5...
At gs://tfg-stream-bucket-2026/**, worker process 204085 thread 139686685927232 listed 4...
Copying file:///home/pablo_perez92/stream-project/hls/TEST-2.ts to gs://tfg-stream-bucket-2026/TEST-2.ts
Copying file:///home/pablo_perez92/stream-project/hls/TEST-3.ts to gs://tfg-stream-bucket-2026/TEST-3.ts
  
Copying file:///home/pablo_perez92/stream-project/hls/TEST.m3u8 to gs://tfg-stream-bucket-2026/TEST.m3u8
.

Average throughput: 68.2MiB/s
At file:///home/pablo_perez92/stream-project/hls/**, worker process 204130 thread 140488622364480 listed 5...
At gs://tfg-stream-bucket-2026/**, worker process 204130 thread 140488622364480 listed 5...
Copying file:///home/pablo_perez92/stream-project/hls/TEST-3.ts to gs://tfg-stream-bucket-2026/TEST-3.ts
  
.
At file:///home/pablo_perez92/stream-project/hls/**, worker process 204176 thread 139626480301888 listed 5...
At gs://tfg-stream-bucket-2026/**, worker process 204176 thread 139626480301888 listed 5...
Copying file:///home/pablo_perez92/stream-project/hls/TEST-3.ts to gs://tfg-stream-bucket-2026/TEST-3.ts
  
..
At file:///home/pablo_perez92/stream-project/hls/**, worker process 204222 thread 140292284700480 listed 6...
At gs://tfg-stream-bucket-2026/**, worker process 204222 thread 140292284700480 listed 5...
Copying file:///home/pablo_perez92/stream-project/hls/TEST-3.ts to gs://tfg-stream-bucket-2026/TEST-3.ts
Copying file:///home/pablo_perez92/stream-project/hls/TEST-4.ts to gs://tfg-stream-bucket-2026/TEST-4.ts
  
Copying file:///home/pablo_perez92/stream-project/hls/TEST.m3u8 to gs://tfg-stream-bucket-2026/TEST.m3u8
.

Average throughput: 80.5MiB/s
At file:///home/pablo_perez92/stream-project/hls/**, worker process 204267 thread 140432132757312 listed 6...
At gs://tfg-stream-bucket-2026/**, worker process 204267 thread 140432132757312 listed 6...
Copying file:///home/pablo_perez92/stream-project/hls/TEST-4.ts to gs://tfg-stream-bucket-2026/TEST-4.ts
  
..
At file:///home/pablo_perez92/stream-project/hls/**, worker process 204313 thread 140520197269312 listed 6...
At gs://tfg-stream-bucket-2026/**, worker process 204313 thread 140520197269312 listed 6...
Copying file:///home/pablo_perez92/stream-project/hls/TEST-4.ts to gs://tfg-stream-bucket-2026/TEST-4.ts
  
..
At file:///home/pablo_perez92/stream-project/hls/**, worker process 204358 thread 140059497105216 listed 7...
At gs://tfg-stream-bucket-2026/**, worker process 204358 thread 140059497105216 listed 6...
Copying file:///home/pablo_perez92/stream-project/hls/TEST-4.ts to gs://tfg-stream-bucket-2026/TEST-4.ts
Copying file:///home/pablo_perez92/stream-project/hls/TEST-5.ts to gs://tfg-stream-bucket-2026/TEST-5.ts
  
Copying file:///home/pablo_perez92/stream-project/hls/TEST.m3u8 to gs://tfg-stream-bucket-2026/TEST.m3u8
..

Average throughput: 91.3MiB/s
At file:///home/pablo_perez92/stream-project/hls/**, worker process 204404 thread 139930972034880 listed 7...
At gs://tfg-stream-bucket-2026/**, worker process 204404 thread 139930972034880 listed 7...
Copying file:///home/pablo_perez92/stream-project/hls/TEST-5.ts to gs://tfg-stream-bucket-2026/TEST-5.ts
  
..
At file:///home/pablo_perez92/stream-project/hls/**, worker process 204450 thread 140642596849472 listed 7...
At gs://tfg-stream-bucket-2026/**, worker process 204450 thread 140642596849472 listed 7...
Copying file:///home/pablo_perez92/stream-project/hls/TEST-5.ts to gs://tfg-stream-bucket-2026/TEST-5.ts
  
.
At file:///home/pablo_perez92/stream-project/hls/**, worker process 204496 thread 140678351501120 listed 8...
At gs://tfg-stream-bucket-2026/**, worker process 204496 thread 140678351501120 listed 7...
Copying file:///home/pablo_perez92/stream-project/hls/TEST-5.ts to gs://tfg-stream-bucket-2026/TEST-5.ts
Copying file:///home/pablo_perez92/stream-project/hls/TEST-6.ts to gs://tfg-stream-bucket-2026/TEST-6.ts
  
Copying file:///home/pablo_perez92/stream-project/hls/TEST.m3u8 to gs://tfg-stream-bucket-2026/TEST.m3u8
..

Average throughput: 50.8MiB/s
At file:///home/pablo_perez92/stream-project/hls/**, worker process 204545 thread 140458122225472 listed 8...
At gs://tfg-stream-bucket-2026/**, worker process 204545 thread 140458122225472 listed 8...
Copying file:///home/pablo_perez92/stream-project/hls/TEST-6.ts to gs://tfg-stream-bucket-2026/TEST-6.ts
  
.
At file:///home/pablo_perez92/stream-project/hls/**, worker process 204591 thread 140456416995136 listed 8...
At gs://tfg-stream-bucket-2026/**, worker process 204591 thread 140456416995136 listed 8...
Copying file:///home/pablo_perez92/stream-project/hls/TEST-6.ts to gs://tfg-stream-bucket-2026/TEST-6.ts
  
.
At file:///home/pablo_perez92/stream-project/hls/**, worker process 204636 thread 139992425183040 listed 9...
At gs://tfg-stream-bucket-2026/**, worker process 204636 thread 139992425183040 listed 8...
Copying file:///home/pablo_perez92/stream-project/hls/TEST-6.ts to gs://tfg-stream-bucket-2026/TEST-6.ts
Copying file:///home/pablo_perez92/stream-project/hls/TEST-7.ts to gs://tfg-stream-bucket-2026/TEST-7.ts
  
Copying file:///home/pablo_perez92/stream-project/hls/TEST.m3u8 to gs://tfg-stream-bucket-2026/TEST.m3u8
..

Average throughput: 61.8MiB/s
At file:///home/pablo_perez92/stream-project/hls/**, worker process 204681 thread 139725015762752 listed 9...
At gs://tfg-stream-bucket-2026/**, worker process 204681 thread 139725015762752 listed 9...
Copying file:///home/pablo_perez92/stream-project/hls/TEST-7.ts to gs://tfg-stream-bucket-2026/TEST-7.ts
  
..
At file:///home/pablo_perez92/stream-project/hls/**, worker process 204728 thread 140251858720576 listed 10...
At gs://tfg-stream-bucket-2026/**, worker process 204728 thread 140251858720576 listed 9...
Copying file:///home/pablo_perez92/stream-project/hls/TEST-7.ts to gs://tfg-stream-bucket-2026/TEST-7.ts
Copying file:///home/pablo_perez92/stream-project/hls/TEST-8.ts to gs://tfg-stream-bucket-2026/TEST-8.ts
  
Copying file:///home/pablo_perez92/stream-project/hls/TEST.m3u8 to gs://tfg-stream-bucket-2026/TEST.m3u8
.

Average throughput: 58.6MiB/s
At file:///home/pablo_perez92/stream-project/hls/**, worker process 204773 thread 139879616227136 listed 10...
At gs://tfg-stream-bucket-2026/**, worker process 204773 thread 139879616227136 listed 10...
Copying file:///home/pablo_perez92/stream-project/hls/TEST-8.ts to gs://tfg-stream-bucket-2026/TEST-8.ts
  
.
At file:///home/pablo_perez92/stream-project/hls/**, worker process 204818 thread 139749205448512 listed 10...
At gs://tfg-stream-bucket-2026/**, worker process 204818 thread 139749205448512 listed 10...
Copying file:///home/pablo_perez92/stream-project/hls/TEST-8.ts to gs://tfg-stream-bucket-2026/TEST-8.ts
  
..
At file:///home/pablo_perez92/stream-project/hls/**, worker process 204864 thread 140634722576192 listed 11...
At gs://tfg-stream-bucket-2026/**, worker process 204864 thread 140634722576192 listed 10...
Copying file:///home/pablo_perez92/stream-project/hls/TEST-8.ts to gs://tfg-stream-bucket-2026/TEST-8.ts
Copying file:///home/pablo_perez92/stream-project/hls/TEST-9.ts to gs://tfg-stream-bucket-2026/TEST-9.ts
  
Copying file:///home/pablo_perez92/stream-project/hls/TEST.m3u8 to gs://tfg-stream-bucket-2026/TEST.m3u8
.

Average throughput: 77.0MiB/s
At file:///home/pablo_perez92/stream-project/hls/**, worker process 204910 thread 140516307130176 listed 11...
At gs://tfg-stream-bucket-2026/**, worker process 204910 thread 140516307130176 listed 11...
Copying file:///home/pablo_perez92/stream-project/hls/TEST-9.ts to gs://tfg-stream-bucket-2026/TEST-9.ts
  
.
At file:///home/pablo_perez92/stream-project/hls/**, worker process 204955 thread 140198063982400 listed 11...
At gs://tfg-stream-bucket-2026/**, worker process 204955 thread 140198063982400 listed 11...
Copying file:///home/pablo_perez92/stream-project/hls/TEST-9.ts to gs://tfg-stream-bucket-2026/TEST-9.ts
  
.
At file:///home/pablo_perez92/stream-project/hls/**, worker process 205001 thread 139972267534144 listed 11...
At gs://tfg-stream-bucket-2026/**, worker process 205001 thread 139972267534144 listed 11...
Copying file:///home/pablo_perez92/stream-project/hls/TEST-9.ts to gs://tfg-stream-bucket-2026/TEST-9.ts
  
.
At file:///home/pablo_perez92/stream-project/hls/**, worker process 205047 thread 140690796570432 listed 12...
At gs://tfg-stream-bucket-2026/**, worker process 205047 thread 140690796570432 listed 11...
Copying file:///home/pablo_perez92/stream-project/hls/TEST-10.ts to gs://tfg-stream-bucket-2026/TEST-10.ts
Copying file:///home/pablo_perez92/stream-project/hls/TEST-9.ts to gs://tfg-stream-bucket-2026/TEST-9.ts
  
Copying file:///home/pablo_perez92/stream-project/hls/TEST.m3u8 to gs://tfg-stream-bucket-2026/TEST.m3u8
..

Average throughput: 64.5MiB/s
At file:///home/pablo_perez92/stream-project/hls/**, worker process 205092 thread 140228785280832 listed 12...
At gs://tfg-stream-bucket-2026/**, worker process 205092 thread 140228785280832 listed 12...
Copying file:///home/pablo_perez92/stream-project/hls/TEST-10.ts to gs://tfg-stream-bucket-2026/TEST-10.ts
  
..
At file:///home/pablo_perez92/stream-project/hls/**, worker process 205138 thread 140612299937600 listed 13...
At gs://tfg-stream-bucket-2026/**, worker process 205138 thread 140612299937600 listed 12...
Copying file:///home/pablo_perez92/stream-project/hls/TEST-10.ts to gs://tfg-stream-bucket-2026/TEST-10.ts
Copying file:///home/pablo_perez92/stream-project/hls/TEST-11.ts to gs://tfg-stream-bucket-2026/TEST-11.ts
  
Copying file:///home/pablo_perez92/stream-project/hls/TEST.m3u8 to gs://tfg-stream-bucket-2026/TEST.m3u8
.

Average throughput: 91.4MiB/s
At file:///home/pablo_perez92/stream-project/hls/**, worker process 205183 thread 139733033416512 listed 13...
At gs://tfg-stream-bucket-2026/**, worker process 205183 thread 139733033416512 listed 13...
Copying file:///home/pablo_perez92/stream-project/hls/TEST-11.ts to gs://tfg-stream-bucket-2026/TEST-11.ts
  
.
At file:///home/pablo_perez92/stream-project/hls/**, worker process 205229 thread 139901214299968 listed 13...
At gs://tfg-stream-bucket-2026/**, worker process 205229 thread 139901214299968 listed 13...
Copying file:///home/pablo_perez92/stream-project/hls/TEST-11.ts to gs://tfg-stream-bucket-2026/TEST-11.ts
  
..
At file:///home/pablo_perez92/stream-project/hls/**, worker process 205275 thread 140670463539008 listed 14...
At gs://tfg-stream-bucket-2026/**, worker process 205275 thread 140670463539008 listed 13...
Copying file:///home/pablo_perez92/stream-project/hls/TEST-11.ts to gs://tfg-stream-bucket-2026/TEST-11.ts
Copying file:///home/pablo_perez92/stream-project/hls/TEST-12.ts to gs://tfg-stream-bucket-2026/TEST-12.ts
  
Copying file:///home/pablo_perez92/stream-project/hls/TEST.m3u8 to gs://tfg-stream-bucket-2026/TEST.m3u8
.

Average throughput: 51.8MiB/s
At file:///home/pablo_perez92/stream-project/hls/**, worker process 205320 thread 140112971528000 listed 14...
At gs://tfg-stream-bucket-2026/**, worker process 205320 thread 140112971528000 listed 14...
Copying file:///home/pablo_perez92/stream-project/hls/TEST-12.ts to gs://tfg-stream-bucket-2026/TEST-12.ts
  
.
At file:///home/pablo_perez92/stream-project/hls/**, worker process 205366 thread 140524825311040 listed 14...
At gs://tfg-stream-bucket-2026/**, worker process 205366 thread 140524825311040 listed 14...
Copying file:///home/pablo_perez92/stream-project/hls/TEST-12.ts to gs://tfg-stream-bucket-2026/TEST-12.ts
  
.
At file:///home/pablo_perez92/stream-project/hls/**, worker process 205411 thread 139640064685888 listed 14...
At gs://tfg-stream-bucket-2026/**, worker process 205411 thread 139640064685888 listed 14...
Copying file:///home/pablo_perez92/stream-project/hls/TEST-12.ts to gs://tfg-stream-bucket-2026/TEST-12.ts
  
.
At file:///home/pablo_perez92/stream-project/hls/**, worker process 205456 thread 140087646152512 listed 15...
At gs://tfg-stream-bucket-2026/**, worker process 205456 thread 140087646152512 listed 14...
Copying file:///home/pablo_perez92/stream-project/hls/TEST-13.ts to gs://tfg-stream-bucket-2026/TEST-13.ts
Copying file:///home/pablo_perez92/stream-project/hls/TEST.m3u8 to gs://tfg-stream-bucket-2026/TEST.m3u8
  
.

Average throughput: 25.6MiB/s
At file:///home/pablo_perez92/stream-project/hls/**, worker process 205504 thread 139826514704192 listed 15...
At gs://tfg-stream-bucket-2026/**, worker process 205504 thread 139826514704192 listed 15...
Copying file:///home/pablo_perez92/stream-project/hls/TEST-13.ts to gs://tfg-stream-bucket-2026/TEST-13.ts
  
..
At file:///home/pablo_perez92/stream-project/hls/**, worker process 205550 thread 140619327285056 listed 15...
At gs://tfg-stream-bucket-2026/**, worker process 205550 thread 140619327285056 listed 15...
Copying file:///home/pablo_perez92/stream-project/hls/TEST-13.ts to gs://tfg-stream-bucket-2026/TEST-13.ts
Copying file:///home/pablo_perez92/stream-project/hls/TEST.m3u8 to gs://tfg-stream-bucket-2026/TEST.m3u8
  
.

Average throughput: 84.7MiB/s
At file:///home/pablo_perez92/stream-project/hls/**, worker process 205595 thread 140469864916800 listed 16...
At gs://tfg-stream-bucket-2026/**, worker process 205595 thread 140469864916800 listed 15...
Copying file:///home/pablo_perez92/stream-project/hls/TEST-14.ts to gs://tfg-stream-bucket-2026/TEST-14.ts
  
.
At file:///home/pablo_perez92/stream-project/hls/**, worker process 205640 thread 140070588360512 listed 16...
At gs://tfg-stream-bucket-2026/**, worker process 205640 thread 140070588360512 listed 16...
Copying file:///home/pablo_perez92/stream-project/hls/TEST-14.ts to gs://tfg-stream-bucket-2026/TEST-14.ts
  
..
At file:///home/pablo_perez92/stream-project/hls/**, worker process 205685 thread 139716708349760 listed 16...
At gs://tfg-stream-bucket-2026/**, worker process 205685 thread 139716708349760 listed 16...
Copying file:///home/pablo_perez92/stream-project/hls/TEST-14.ts to gs://tfg-stream-bucket-2026/TEST-14.ts
Copying file:///home/pablo_perez92/stream-project/hls/TEST.m3u8 to gs://tfg-stream-bucket-2026/TEST.m3u8
  
.

Average throughput: 71.3MiB/s
At file:///home/pablo_perez92/stream-project/hls/**, worker process 205731 thread 140610050447168 listed 17...
At gs://tfg-stream-bucket-2026/**, worker process 205731 thread 140610050447168 listed 16...
Copying file:///home/pablo_perez92/stream-project/hls/TEST-15.ts to gs://tfg-stream-bucket-2026/TEST-15.ts
  
.
At file:///home/pablo_perez92/stream-project/hls/**, worker process 205776 thread 140010243278656 listed 17...
At gs://tfg-stream-bucket-2026/**, worker process 205776 thread 140010243278656 listed 17...
Copying file:///home/pablo_perez92/stream-project/hls/TEST-15.ts to gs://tfg-stream-bucket-2026/TEST-15.ts
  
..
At file:///home/pablo_perez92/stream-project/hls/**, worker process 205821 thread 140086699874112 listed 17...
At gs://tfg-stream-bucket-2026/**, worker process 205821 thread 140086699874112 listed 17...
Copying file:///home/pablo_perez92/stream-project/hls/TEST-15.ts to gs://tfg-stream-bucket-2026/TEST-15.ts
Copying file:///home/pablo_perez92/stream-project/hls/TEST.m3u8 to gs://tfg-stream-bucket-2026/TEST.m3u8
  
.

Average throughput: 73.5MiB/s
At file:///home/pablo_perez92/stream-project/hls/**, worker process 205867 thread 140250659649344 listed 18...
At gs://tfg-stream-bucket-2026/**, worker process 205867 thread 140250659649344 listed 17...
Copying file:///home/pablo_perez92/stream-project/hls/TEST-16.ts to gs://tfg-stream-bucket-2026/TEST-16.ts
  
.
At file:///home/pablo_perez92/stream-project/hls/**, worker process 205912 thread 140326450853696 listed 18...
At gs://tfg-stream-bucket-2026/**, worker process 205912 thread 140326450853696 listed 18...
Copying file:///home/pablo_perez92/stream-project/hls/TEST-16.ts to gs://tfg-stream-bucket-2026/TEST-16.ts
  
..
At file:///home/pablo_perez92/stream-project/hls/**, worker process 205957 thread 139871790528320 listed 18...
At gs://tfg-stream-bucket-2026/**, worker process 205957 thread 139871790528320 listed 18...
Copying file:///home/pablo_perez92/stream-project/hls/TEST-16.ts to gs://tfg-stream-bucket-2026/TEST-16.ts
Copying file:///home/pablo_perez92/stream-project/hls/TEST.m3u8 to gs://tfg-stream-bucket-2026/TEST.m3u8
  
.

Average throughput: 70.6MiB/s
At file:///home/pablo_perez92/stream-project/hls/**, worker process 206002 thread 140440506988352 listed 19...
At gs://tfg-stream-bucket-2026/**, worker process 206002 thread 140440506988352 listed 18...
Copying file:///home/pablo_perez92/stream-project/hls/TEST-17.ts to gs://tfg-stream-bucket-2026/TEST-17.ts
  
.
At file:///home/pablo_perez92/stream-project/hls/**, worker process 206048 thread 140143972497216 listed 19...
At gs://tfg-stream-bucket-2026/**, worker process 206048 thread 140143972497216 listed 19...
Copying file:///home/pablo_perez92/stream-project/hls/TEST-17.ts to gs://tfg-stream-bucket-2026/TEST-17.ts
  
..
At file:///home/pablo_perez92/stream-project/hls/**, worker process 206093 thread 140607477548864 listed 19...
At gs://tfg-stream-bucket-2026/**, worker process 206093 thread 140607477548864 listed 19...
Copying file:///home/pablo_perez92/stream-project/hls/TEST-17.ts to gs://tfg-stream-bucket-2026/TEST-17.ts
Copying file:///home/pablo_perez92/stream-project/hls/TEST.m3u8 to gs://tfg-stream-bucket-2026/TEST.m3u8
  
.

Average throughput: 64.9MiB/s
At file:///home/pablo_perez92/stream-project/hls/**, worker process 206138 thread 140407131367232 listed 20...
At gs://tfg-stream-bucket-2026/**, worker process 206138 thread 140407131367232 listed 19...
Copying file:///home/pablo_perez92/stream-project/hls/TEST-18.ts to gs://tfg-stream-bucket-2026/TEST-18.ts
  
.
At file:///home/pablo_perez92/stream-project/hls/**, worker process 206184 thread 139658045019968 listed 20...
At gs://tfg-stream-bucket-2026/**, worker process 206184 thread 139658045019968 listed 20...
Copying file:///home/pablo_perez92/stream-project/hls/TEST-18.ts to gs://tfg-stream-bucket-2026/TEST-18.ts
  
..
At file:///home/pablo_perez92/stream-project/hls/**, worker process 206229 thread 139907346728768 listed 20...
At gs://tfg-stream-bucket-2026/**, worker process 206229 thread 139907346728768 listed 20...
Copying file:///home/pablo_perez92/stream-project/hls/TEST-18.ts to gs://tfg-stream-bucket-2026/TEST-18.ts
Copying file:///home/pablo_perez92/stream-project/hls/TEST.m3u8 to gs://tfg-stream-bucket-2026/TEST.m3u8
  
.

Average throughput: 86.1MiB/s
At file:///home/pablo_perez92/stream-project/hls/**, worker process 206274 thread 139777507804992 listed 21...
At gs://tfg-stream-bucket-2026/**, worker process 206274 thread 139777507804992 listed 20...
Copying file:///home/pablo_perez92/stream-project/hls/TEST-19.ts to gs://tfg-stream-bucket-2026/TEST-19.ts
  
.
At file:///home/pablo_perez92/stream-project/hls/**, worker process 206319 thread 139924674611008 listed 21...
At gs://tfg-stream-bucket-2026/**, worker process 206319 thread 139924674611008 listed 21...
Copying file:///home/pablo_perez92/stream-project/hls/TEST-19.ts to gs://tfg-stream-bucket-2026/TEST-19.ts
  
..
At file:///home/pablo_perez92/stream-project/hls/**, worker process 206366 thread 139850842916672 listed 21...
At gs://tfg-stream-bucket-2026/**, worker process 206366 thread 139850842916672 listed 21...
Copying file:///home/pablo_perez92/stream-project/hls/TEST-19.ts to gs://tfg-stream-bucket-2026/TEST-19.ts
Copying file:///home/pablo_perez92/stream-project/hls/TEST.m3u8 to gs://tfg-stream-bucket-2026/TEST.m3u8
  
.

Average throughput: 74.5MiB/s
At file:///home/pablo_perez92/stream-project/hls/**, worker process 206411 thread 140098916857664 listed 22...
At gs://tfg-stream-bucket-2026/**, worker process 206411 thread 140098916857664 listed 21...
Copying file:///home/pablo_perez92/stream-project/hls/TEST-20.ts to gs://tfg-stream-bucket-2026/TEST-20.ts
  
.
At file:///home/pablo_perez92/stream-project/hls/**, worker process 206457 thread 140146514609984 listed 22...
At gs://tfg-stream-bucket-2026/**, worker process 206457 thread 140146514609984 listed 22...
Copying file:///home/pablo_perez92/stream-project/hls/TEST-20.ts to gs://tfg-stream-bucket-2026/TEST-20.ts
  
..
At file:///home/pablo_perez92/stream-project/hls/**, worker process 206505 thread 140358907373376 listed 22...
At gs://tfg-stream-bucket-2026/**, worker process 206505 thread 140358907373376 listed 22...
Copying file:///home/pablo_perez92/stream-project/hls/TEST-20.ts to gs://tfg-stream-bucket-2026/TEST-20.ts
Copying file:///home/pablo_perez92/stream-project/hls/TEST.m3u8 to gs://tfg-stream-bucket-2026/TEST.m3u8
  
.

Average throughput: 83.5MiB/s
At file:///home/pablo_perez92/stream-project/hls/**, worker process 206551 thread 140166043125568 listed 23...
At gs://tfg-stream-bucket-2026/**, worker process 206551 thread 140166043125568 listed 22...
Copying file:///home/pablo_perez92/stream-project/hls/TEST-21.ts to gs://tfg-stream-bucket-2026/TEST-21.ts
  
.
At file:///home/pablo_perez92/stream-project/hls/**, worker process 206596 thread 140038205728576 listed 23...
At gs://tfg-stream-bucket-2026/**, worker process 206596 thread 140038205728576 listed 23...
Copying file:///home/pablo_perez92/stream-project/hls/TEST-21.ts to gs://tfg-stream-bucket-2026/TEST-21.ts
  
..
At file:///home/pablo_perez92/stream-project/hls/**, worker process 206641 thread 139636971255616 listed 23...
At gs://tfg-stream-bucket-2026/**, worker process 206641 thread 139636971255616 listed 23...
Copying file:///home/pablo_perez92/stream-project/hls/TEST-21.ts to gs://tfg-stream-bucket-2026/TEST-21.ts
Copying file:///home/pablo_perez92/stream-project/hls/TEST.m3u8 to gs://tfg-stream-bucket-2026/TEST.m3u8
  
.

Average throughput: 72.0MiB/s
At file:///home/pablo_perez92/stream-project/hls/**, worker process 206687 thread 139999918073664 listed 24...
At gs://tfg-stream-bucket-2026/**, worker process 206687 thread 139999918073664 listed 23...
Copying file:///home/pablo_perez92/stream-project/hls/TEST-22.ts to gs://tfg-stream-bucket-2026/TEST-22.ts
  
.
At file:///home/pablo_perez92/stream-project/hls/**, worker process 206732 thread 140540963469120 listed 24...
At gs://tfg-stream-bucket-2026/**, worker process 206732 thread 140540963469120 listed 24...
Copying file:///home/pablo_perez92/stream-project/hls/TEST-22.ts to gs://tfg-stream-bucket-2026/TEST-22.ts
  
.
At file:///home/pablo_perez92/stream-project/hls/**, worker process 206777 thread 140342079424320 listed 24...
At gs://tfg-stream-bucket-2026/**, worker process 206777 thread 140342079424320 listed 24...
Copying file:///home/pablo_perez92/stream-project/hls/TEST-22.ts to gs://tfg-stream-bucket-2026/TEST-22.ts
  
.
At file:///home/pablo_perez92/stream-project/hls/**, worker process 206822 thread 140650472265536 listed 25...
At gs://tfg-stream-bucket-2026/**, worker process 206822 thread 140650472265536 listed 24...
Copying file:///home/pablo_perez92/stream-project/hls/TEST-22.ts to gs://tfg-stream-bucket-2026/TEST-22.ts
Copying file:///home/pablo_perez92/stream-project/hls/TEST-23.ts to gs://tfg-stream-bucket-2026/TEST-23.ts
  
Copying file:///home/pablo_perez92/stream-project/hls/TEST.m3u8 to gs://tfg-stream-bucket-2026/TEST.m3u8
..

Average throughput: 71.9MiB/s
At file:///home/pablo_perez92/stream-project/hls/**, worker process 206868 thread 140126447335232 listed 25...
At gs://tfg-stream-bucket-2026/**, worker process 206868 thread 140126447335232 listed 25...
Copying file:///home/pablo_perez92/stream-project/hls/TEST-23.ts to gs://tfg-stream-bucket-2026/TEST-23.ts
  
..
At file:///home/pablo_perez92/stream-project/hls/**, worker process 206913 thread 140225270409024 listed 26...
At gs://tfg-stream-bucket-2026/**, worker process 206913 thread 140225270409024 listed 25...
Copying file:///home/pablo_perez92/stream-project/hls/TEST-23.ts to gs://tfg-stream-bucket-2026/TEST-23.ts
Copying file:///home/pablo_perez92/stream-project/hls/TEST-24.ts to gs://tfg-stream-bucket-2026/TEST-24.ts
  
Copying file:///home/pablo_perez92/stream-project/hls/TEST.m3u8 to gs://tfg-stream-bucket-2026/TEST.m3u8
.

Average throughput: 65.3MiB/s
At file:///home/pablo_perez92/stream-project/hls/**, worker process 206958 thread 140436338448192 listed 26...
At gs://tfg-stream-bucket-2026/**, worker process 206958 thread 140436338448192 listed 26...
Copying file:///home/pablo_perez92/stream-project/hls/TEST-24.ts to gs://tfg-stream-bucket-2026/TEST-24.ts
  
.
At file:///home/pablo_perez92/stream-project/hls/**, worker process 207004 thread 139888385136448 listed 26...
At gs://tfg-stream-bucket-2026/**, worker process 207004 thread 139888385136448 listed 26...
Copying file:///home/pablo_perez92/stream-project/hls/TEST-24.ts to gs://tfg-stream-bucket-2026/TEST-24.ts
  
..
At file:///home/pablo_perez92/stream-project/hls/**, worker process 207049 thread 140499142301504 listed 27...
At gs://tfg-stream-bucket-2026/**, worker process 207049 thread 140499142301504 listed 26...
Copying file:///home/pablo_perez92/stream-project/hls/TEST-24.ts to gs://tfg-stream-bucket-2026/TEST-24.ts
Copying file:///home/pablo_perez92/stream-project/hls/TEST-25.ts to gs://tfg-stream-bucket-2026/TEST-25.ts
  
Copying file:///home/pablo_perez92/stream-project/hls/TEST.m3u8 to gs://tfg-stream-bucket-2026/TEST.m3u8
.

Average throughput: 59.6MiB/s
At file:///home/pablo_perez92/stream-project/hls/**, worker process 207094 thread 140454079543104 listed 27...
At gs://tfg-stream-bucket-2026/**, worker process 207094 thread 140454079543104 listed 27...
Copying file:///home/pablo_perez92/stream-project/hls/TEST-25.ts to gs://tfg-stream-bucket-2026/TEST-25.ts
  
.
At file:///home/pablo_perez92/stream-project/hls/**, worker process 207139 thread 140331818141504 listed 27...
At gs://tfg-stream-bucket-2026/**, worker process 207139 thread 140331818141504 listed 27...
Copying file:///home/pablo_perez92/stream-project/hls/TEST-25.ts to gs://tfg-stream-bucket-2026/TEST-25.ts
  
..
At file:///home/pablo_perez92/stream-project/hls/**, worker process 207185 thread 140055252109120 listed 17...
At gs://tfg-stream-bucket-2026/**, worker process 207185 thread 140055252109120 listed 27...
  
Removing gs://tfg-stream-bucket-2026/TEST-0.ts#1775308154004744...
Removing gs://tfg-stream-bucket-2026/TEST-1.ts#1775308162382441...
Removing gs://tfg-stream-bucket-2026/TEST-10.ts#1775308235559934...
Copying file:///home/pablo_perez92/stream-project/hls/TEST-25.ts to gs://tfg-stream-bucket-2026/TEST-25.ts
Copying file:///home/pablo_perez92/stream-project/hls/TEST-26.ts to gs://tfg-stream-bucket-2026/TEST-26.ts
Removing gs://tfg-stream-bucket-2026/TEST-2.ts#1775308170953062...
Copying file:///home/pablo_perez92/stream-project/hls/TEST.m3u8 to gs://tfg-stream-bucket-2026/TEST.m3u8
Removing gs://tfg-stream-bucket-2026/TEST-3.ts#1775308179304651...
Removing gs://tfg-stream-bucket-2026/TEST-8.ts#1775308218878604...
Removing gs://tfg-stream-bucket-2026/TEST-9.ts#1775308229787288...
Removing gs://tfg-stream-bucket-2026/TEST-7.ts#1775308210571752...
Removing gs://tfg-stream-bucket-2026/TEST-4.ts#1775308187907359...
Removing gs://tfg-stream-bucket-2026/TEST-5.ts#1775308196424961...
Removing gs://tfg-stream-bucket-2026/TEST-6.ts#1775308204797037...
..

Average throughput: 43.9MiB/s
At file:///home/pablo_perez92/stream-project/hls/**, worker process 207313 thread 139876699920192 listed 17...
At gs://tfg-stream-bucket-2026/**, worker process 207313 thread 139876699920192 listed 17...
Copying file:///home/pablo_perez92/stream-project/hls/TEST-26.ts to gs://tfg-stream-bucket-2026/TEST-26.ts
  
.
At file:///home/pablo_perez92/stream-project/hls/**, worker process 207358 thread 140304059127616 listed 17...
At gs://tfg-stream-bucket-2026/**, worker process 207358 thread 140304059127616 listed 17...
Copying file:///home/pablo_perez92/stream-project/hls/TEST-26.ts to gs://tfg-stream-bucket-2026/TEST-26.ts
  
..
At file:///home/pablo_perez92/stream-project/hls/**, worker process 207403 thread 140350100068160 listed 18...
At gs://tfg-stream-bucket-2026/**, worker process 207403 thread 140350100068160 listed 17...
Copying file:///home/pablo_perez92/stream-project/hls/TEST-26.ts to gs://tfg-stream-bucket-2026/TEST-26.ts
Copying file:///home/pablo_perez92/stream-project/hls/TEST-27.ts to gs://tfg-stream-bucket-2026/TEST-27.ts
  
Copying file:///home/pablo_perez92/stream-project/hls/TEST.m3u8 to gs://tfg-stream-bucket-2026/TEST.m3u8
.

Average throughput: 50.8MiB/s
At file:///home/pablo_perez92/stream-project/hls/**, worker process 207449 thread 139761526970176 listed 18...
At gs://tfg-stream-bucket-2026/**, worker process 207449 thread 139761526970176 listed 18...
Copying file:///home/pablo_perez92/stream-project/hls/TEST-27.ts to gs://tfg-stream-bucket-2026/TEST-27.ts
  
.
At file:///home/pablo_perez92/stream-project/hls/**, worker process 207494 thread 139960196659008 listed 18...
At gs://tfg-stream-bucket-2026/**, worker process 207494 thread 139960196659008 listed 18...
Copying file:///home/pablo_perez92/stream-project/hls/TEST-27.ts to gs://tfg-stream-bucket-2026/TEST-27.ts
  
..
At file:///home/pablo_perez92/stream-project/hls/**, worker process 207542 thread 140430534166336 listed 19...
At gs://tfg-stream-bucket-2026/**, worker process 207542 thread 140430534166336 listed 18...
Copying file:///home/pablo_perez92/stream-project/hls/TEST-27.ts to gs://tfg-stream-bucket-2026/TEST-27.ts
Copying file:///home/pablo_perez92/stream-project/hls/TEST-28.ts to gs://tfg-stream-bucket-2026/TEST-28.ts
  
Copying file:///home/pablo_perez92/stream-project/hls/TEST.m3u8 to gs://tfg-stream-bucket-2026/TEST.m3u8
.

Average throughput: 59.9MiB/s
At file:///home/pablo_perez92/stream-project/hls/**, worker process 207588 thread 140658371802944 listed 19...
At gs://tfg-stream-bucket-2026/**, worker process 207588 thread 140658371802944 listed 19...
Copying file:///home/pablo_perez92/stream-project/hls/TEST-28.ts to gs://tfg-stream-bucket-2026/TEST-28.ts
  
.
At file:///home/pablo_perez92/stream-project/hls/**, worker process 207633 thread 140049894299456 listed 19...
At gs://tfg-stream-bucket-2026/**, worker process 207633 thread 140049894299456 listed 19...
Copying file:///home/pablo_perez92/stream-project/hls/TEST-28.ts to gs://tfg-stream-bucket-2026/TEST-28.ts
  
..
At file:///home/pablo_perez92/stream-project/hls/**, worker process 207678 thread 140132878591808 listed 20...
At gs://tfg-stream-bucket-2026/**, worker process 207678 thread 140132878591808 listed 19...
Copying file:///home/pablo_perez92/stream-project/hls/TEST-28.ts to gs://tfg-stream-bucket-2026/TEST-28.ts
Copying file:///home/pablo_perez92/stream-project/hls/TEST-29.ts to gs://tfg-stream-bucket-2026/TEST-29.ts
  
Copying file:///home/pablo_perez92/stream-project/hls/TEST.m3u8 to gs://tfg-stream-bucket-2026/TEST.m3u8
.

Average throughput: 60.6MiB/s
At file:///home/pablo_perez92/stream-project/hls/**, worker process 207723 thread 140661652690752 listed 20...
At gs://tfg-stream-bucket-2026/**, worker process 207723 thread 140661652690752 listed 20...
Copying file:///home/pablo_perez92/stream-project/hls/TEST-29.ts to gs://tfg-stream-bucket-2026/TEST-29.ts
  
.
At file:///home/pablo_perez92/stream-project/hls/**, worker process 207769 thread 139760026482496 listed 20...
At gs://tfg-stream-bucket-2026/**, worker process 207769 thread 139760026482496 listed 20...
Copying file:///home/pablo_perez92/stream-project/hls/TEST-29.ts to gs://tfg-stream-bucket-2026/TEST-29.ts
  
..
At file:///home/pablo_perez92/stream-project/hls/**, worker process 207814 thread 140408086505280 listed 21...
At gs://tfg-stream-bucket-2026/**, worker process 207814 thread 140408086505280 listed 20...
Copying file:///home/pablo_perez92/stream-project/hls/TEST-29.ts to gs://tfg-stream-bucket-2026/TEST-29.ts
Copying file:///home/pablo_perez92/stream-project/hls/TEST-30.ts to gs://tfg-stream-bucket-2026/TEST-30.ts
  
Copying file:///home/pablo_perez92/stream-project/hls/TEST.m3u8 to gs://tfg-stream-bucket-2026/TEST.m3u8
.

Average throughput: 91.2MiB/s
At file:///home/pablo_perez92/stream-project/hls/**, worker process 207859 thread 140393021093696 listed 21...
At gs://tfg-stream-bucket-2026/**, worker process 207859 thread 140393021093696 listed 21...
Copying file:///home/pablo_perez92/stream-project/hls/TEST-30.ts to gs://tfg-stream-bucket-2026/TEST-30.ts
  
.
At file:///home/pablo_perez92/stream-project/hls/**, worker process 207905 thread 140578295535424 listed 21...
At gs://tfg-stream-bucket-2026/**, worker process 207905 thread 140578295535424 listed 21...
Copying file:///home/pablo_perez92/stream-project/hls/TEST-30.ts to gs://tfg-stream-bucket-2026/TEST-30.ts
  
..
At file:///home/pablo_perez92/stream-project/hls/**, worker process 207950 thread 140673981957952 listed 22...
At gs://tfg-stream-bucket-2026/**, worker process 207950 thread 140673981957952 listed 21...
Copying file:///home/pablo_perez92/stream-project/hls/TEST-30.ts to gs://tfg-stream-bucket-2026/TEST-30.ts
Copying file:///home/pablo_perez92/stream-project/hls/TEST-31.ts to gs://tfg-stream-bucket-2026/TEST-31.ts
  
Copying file:///home/pablo_perez92/stream-project/hls/TEST.m3u8 to gs://tfg-stream-bucket-2026/TEST.m3u8
.

Average throughput: 56.2MiB/s
At file:///home/pablo_perez92/stream-project/hls/**, worker process 207995 thread 139852494407488 listed 22...
At gs://tfg-stream-bucket-2026/**, worker process 207995 thread 139852494407488 listed 22...
Copying file:///home/pablo_perez92/stream-project/hls/TEST-31.ts to gs://tfg-stream-bucket-2026/TEST-31.ts
  
.
At file:///home/pablo_perez92/stream-project/hls/**, worker process 208040 thread 139710326835008 listed 22...
At gs://tfg-stream-bucket-2026/**, worker process 208040 thread 139710326835008 listed 22...
Copying file:///home/pablo_perez92/stream-project/hls/TEST-31.ts to gs://tfg-stream-bucket-2026/TEST-31.ts
  
..
At file:///home/pablo_perez92/stream-project/hls/**, worker process 208086 thread 140448479504192 listed 23...
At gs://tfg-stream-bucket-2026/**, worker process 208086 thread 140448479504192 listed 22...
Copying file:///home/pablo_perez92/stream-project/hls/TEST-31.ts to gs://tfg-stream-bucket-2026/TEST-31.ts
Copying file:///home/pablo_perez92/stream-project/hls/TEST-32.ts to gs://tfg-stream-bucket-2026/TEST-32.ts
  
Copying file:///home/pablo_perez92/stream-project/hls/TEST.m3u8 to gs://tfg-stream-bucket-2026/TEST.m3u8
.

Average throughput: 113.5MiB/s
At file:///home/pablo_perez92/stream-project/hls/**, worker process 208131 thread 140043671193408 listed 23...
At gs://tfg-stream-bucket-2026/**, worker process 208131 thread 140043671193408 listed 23...
Copying file:///home/pablo_perez92/stream-project/hls/TEST-32.ts to gs://tfg-stream-bucket-2026/TEST-32.ts
  
.
At file:///home/pablo_perez92/stream-project/hls/**, worker process 208176 thread 140072326424384 listed 23...
At gs://tfg-stream-bucket-2026/**, worker process 208176 thread 140072326424384 listed 23...
Copying file:///home/pablo_perez92/stream-project/hls/TEST-32.ts to gs://tfg-stream-bucket-2026/TEST-32.ts
  
..
At file:///home/pablo_perez92/stream-project/hls/**, worker process 208222 thread 140594922506048 listed 24...
At gs://tfg-stream-bucket-2026/**, worker process 208222 thread 140594922506048 listed 23...
Copying file:///home/pablo_perez92/stream-project/hls/TEST-32.ts to gs://tfg-stream-bucket-2026/TEST-32.ts
Copying file:///home/pablo_perez92/stream-project/hls/TEST-33.ts to gs://tfg-stream-bucket-2026/TEST-33.ts
  
Copying file:///home/pablo_perez92/stream-project/hls/TEST.m3u8 to gs://tfg-stream-bucket-2026/TEST.m3u8
.

Average throughput: 57.8MiB/s
At file:///home/pablo_perez92/stream-project/hls/**, worker process 208267 thread 139624430589760 listed 24...
At gs://tfg-stream-bucket-2026/**, worker process 208267 thread 139624430589760 listed 24...
Copying file:///home/pablo_perez92/stream-project/hls/TEST-33.ts to gs://tfg-stream-bucket-2026/TEST-33.ts
  
.
At file:///home/pablo_perez92/stream-project/hls/**, worker process 208312 thread 139685014992704 listed 24...
At gs://tfg-stream-bucket-2026/**, worker process 208312 thread 139685014992704 listed 24...
Copying file:///home/pablo_perez92/stream-project/hls/TEST-33.ts to gs://tfg-stream-bucket-2026/TEST-33.ts
  
..
At file:///home/pablo_perez92/stream-project/hls/**, worker process 208357 thread 140384051550016 listed 25...
At gs://tfg-stream-bucket-2026/**, worker process 208357 thread 140384051550016 listed 24...
Copying file:///home/pablo_perez92/stream-project/hls/TEST-33.ts to gs://tfg-stream-bucket-2026/TEST-33.ts
Copying file:///home/pablo_perez92/stream-project/hls/TEST-34.ts to gs://tfg-stream-bucket-2026/TEST-34.ts
  
Copying file:///home/pablo_perez92/stream-project/hls/TEST.m3u8 to gs://tfg-stream-bucket-2026/TEST.m3u8
.

Average throughput: 152.1MiB/s
At file:///home/pablo_perez92/stream-project/hls/**, worker process 208479 thread 140596424988480 listed 25...
At gs://tfg-stream-bucket-2026/**, worker process 208479 thread 140596424988480 listed 25...
Copying file:///home/pablo_perez92/stream-project/hls/TEST-34.ts to gs://tfg-stream-bucket-2026/TEST-34.ts
  
.
At file:///home/pablo_perez92/stream-project/hls/**, worker process 208524 thread 140605460514624 listed 25...
At gs://tfg-stream-bucket-2026/**, worker process 208524 thread 140605460514624 listed 25...
Copying file:///home/pablo_perez92/stream-project/hls/TEST-34.ts to gs://tfg-stream-bucket-2026/TEST-34.ts
  
..
At file:///home/pablo_perez92/stream-project/hls/**, worker process 208569 thread 139725970405184 listed 26...
At gs://tfg-stream-bucket-2026/**, worker process 208569 thread 139725970405184 listed 25...
Copying file:///home/pablo_perez92/stream-project/hls/TEST-34.ts to gs://tfg-stream-bucket-2026/TEST-34.ts
Copying file:///home/pablo_perez92/stream-project/hls/TEST-35.ts to gs://tfg-stream-bucket-2026/TEST-35.ts
  
Copying file:///home/pablo_perez92/stream-project/hls/TEST.m3u8 to gs://tfg-stream-bucket-2026/TEST.m3u8
.

Average throughput: 62.1MiB/s
At file:///home/pablo_perez92/stream-project/hls/**, worker process 208617 thread 139936296544064 listed 26...
At gs://tfg-stream-bucket-2026/**, worker process 208617 thread 139936296544064 listed 26...
Copying file:///home/pablo_perez92/stream-project/hls/TEST-35.ts to gs://tfg-stream-bucket-2026/TEST-35.ts
  
.
At file:///home/pablo_perez92/stream-project/hls/**, worker process 208663 thread 139732159362880 listed 26...
At gs://tfg-stream-bucket-2026/**, worker process 208663 thread 139732159362880 listed 26...
Copying file:///home/pablo_perez92/stream-project/hls/TEST-35.ts to gs://tfg-stream-bucket-2026/TEST-35.ts
  
..
At file:///home/pablo_perez92/stream-project/hls/**, worker process 208708 thread 140277936416576 listed 27...
At gs://tfg-stream-bucket-2026/**, worker process 208708 thread 140277936416576 listed 26...
Copying file:///home/pablo_perez92/stream-project/hls/TEST-35.ts to gs://tfg-stream-bucket-2026/TEST-35.ts
Copying file:///home/pablo_perez92/stream-project/hls/TEST-36.ts to gs://tfg-stream-bucket-2026/TEST-36.ts
  
Copying file:///home/pablo_perez92/stream-project/hls/TEST.m3u8 to gs://tfg-stream-bucket-2026/TEST.m3u8
.

Average throughput: 88.3MiB/s
At file:///home/pablo_perez92/stream-project/hls/**, worker process 208753 thread 140218583557952 listed 27...
At gs://tfg-stream-bucket-2026/**, worker process 208753 thread 140218583557952 listed 27...
Copying file:///home/pablo_perez92/stream-project/hls/TEST-36.ts to gs://tfg-stream-bucket-2026/TEST-36.ts
  
.
At file:///home/pablo_perez92/stream-project/hls/**, worker process 208799 thread 140066453968704 listed 27...
At gs://tfg-stream-bucket-2026/**, worker process 208799 thread 140066453968704 listed 27...
Copying file:///home/pablo_perez92/stream-project/hls/TEST-36.ts to gs://tfg-stream-bucket-2026/TEST-36.ts
  
..
At file:///home/pablo_perez92/stream-project/hls/**, worker process 208844 thread 139700457264960 listed 28...
At gs://tfg-stream-bucket-2026/**, worker process 208844 thread 139700457264960 listed 27...
Copying file:///home/pablo_perez92/stream-project/hls/TEST-36.ts to gs://tfg-stream-bucket-2026/TEST-36.ts
Copying file:///home/pablo_perez92/stream-project/hls/TEST-37.ts to gs://tfg-stream-bucket-2026/TEST-37.ts
  
Copying file:///home/pablo_perez92/stream-project/hls/TEST.m3u8 to gs://tfg-stream-bucket-2026/TEST.m3u8
.

Average throughput: 87.9MiB/s
At file:///home/pablo_perez92/stream-project/hls/**, worker process 208889 thread 140634014492480 listed 28...
At gs://tfg-stream-bucket-2026/**, worker process 208889 thread 140634014492480 listed 28...
Copying file:///home/pablo_perez92/stream-project/hls/TEST-37.ts to gs://tfg-stream-bucket-2026/TEST-37.ts
  
.
At file:///home/pablo_perez92/stream-project/hls/**, worker process 208934 thread 140581218117440 listed 28...
At gs://tfg-stream-bucket-2026/**, worker process 208934 thread 140581218117440 listed 28...
Copying file:///home/pablo_perez92/stream-project/hls/TEST-37.ts to gs://tfg-stream-bucket-2026/TEST-37.ts
  
..
At file:///home/pablo_perez92/stream-project/hls/**, worker process 208980 thread 139818564384576 listed 29...
At gs://tfg-stream-bucket-2026/**, worker process 208980 thread 139818564384576 listed 28...
Copying file:///home/pablo_perez92/stream-project/hls/TEST-37.ts to gs://tfg-stream-bucket-2026/TEST-37.ts
Copying file:///home/pablo_perez92/stream-project/hls/TEST-38.ts to gs://tfg-stream-bucket-2026/TEST-38.ts
  
Copying file:///home/pablo_perez92/stream-project/hls/TEST.m3u8 to gs://tfg-stream-bucket-2026/TEST.m3u8
.

Average throughput: 93.4MiB/s
At file:///home/pablo_perez92/stream-project/hls/**, worker process 209025 thread 140046216861504 listed 29...
At gs://tfg-stream-bucket-2026/**, worker process 209025 thread 140046216861504 listed 29...
Copying file:///home/pablo_perez92/stream-project/hls/TEST-38.ts to gs://tfg-stream-bucket-2026/TEST-38.ts
  
.
At file:///home/pablo_perez92/stream-project/hls/**, worker process 209070 thread 139813835933504 listed 29...
At gs://tfg-stream-bucket-2026/**, worker process 209070 thread 139813835933504 listed 29...
Copying file:///home/pablo_perez92/stream-project/hls/TEST-38.ts to gs://tfg-stream-bucket-2026/TEST-38.ts
  
..
At file:///home/pablo_perez92/stream-project/hls/**, worker process 209116 thread 140367199405888 listed 30...
At gs://tfg-stream-bucket-2026/**, worker process 209116 thread 140367199405888 listed 29...
Copying file:///home/pablo_perez92/stream-project/hls/TEST-38.ts to gs://tfg-stream-bucket-2026/TEST-38.ts
Copying file:///home/pablo_perez92/stream-project/hls/TEST-39.ts to gs://tfg-stream-bucket-2026/TEST-39.ts
  
Copying file:///home/pablo_perez92/stream-project/hls/TEST.m3u8 to gs://tfg-stream-bucket-2026/TEST.m3u8
.

Average throughput: 163.6MiB/s
At file:///home/pablo_perez92/stream-project/hls/**, worker process 209161 thread 139929953769280 listed 30...
At gs://tfg-stream-bucket-2026/**, worker process 209161 thread 139929953769280 listed 30...
Copying file:///home/pablo_perez92/stream-project/hls/TEST-39.ts to gs://tfg-stream-bucket-2026/TEST-39.ts
  
.
At file:///home/pablo_perez92/stream-project/hls/**, worker process 209206 thread 140082798839616 listed 30...
At gs://tfg-stream-bucket-2026/**, worker process 209206 thread 140082798839616 listed 30...
Copying file:///home/pablo_perez92/stream-project/hls/TEST-39.ts to gs://tfg-stream-bucket-2026/TEST-39.ts
  
..
At file:///home/pablo_perez92/stream-project/hls/**, worker process 209251 thread 139623063787328 listed 17...
At gs://tfg-stream-bucket-2026/**, worker process 209251 thread 139623063787328 listed 30...
  
Removing gs://tfg-stream-bucket-2026/TEST-11.ts#1775308243963031...
Removing gs://tfg-stream-bucket-2026/TEST-13.ts#1775308260425172...
Removing gs://tfg-stream-bucket-2026/TEST-17.ts#1775308293824812...
Removing gs://tfg-stream-bucket-2026/TEST-24.ts#1775308352251185...
Copying file:///home/pablo_perez92/stream-project/hls/TEST-39.ts to gs://tfg-stream-bucket-2026/TEST-39.ts
Copying file:///home/pablo_perez92/stream-project/hls/TEST-40.ts to gs://tfg-stream-bucket-2026/TEST-40.ts
Copying file:///home/pablo_perez92/stream-project/hls/TEST.m3u8 to gs://tfg-stream-bucket-2026/TEST.m3u8
Removing gs://tfg-stream-bucket-2026/TEST-22.ts#1775308338110119...
Removing gs://tfg-stream-bucket-2026/TEST-21.ts#1775308327185598...
Removing gs://tfg-stream-bucket-2026/TEST-20.ts#1775308318813183...
Removing gs://tfg-stream-bucket-2026/TEST-19.ts#1775308310522655...
Removing gs://tfg-stream-bucket-2026/TEST-23.ts#1775308343897128...
Removing gs://tfg-stream-bucket-2026/TEST-18.ts#1775308302156565...
Removing gs://tfg-stream-bucket-2026/TEST-15.ts#1775308277129688...
Removing gs://tfg-stream-bucket-2026/TEST-16.ts#1775308285497402...
Removing gs://tfg-stream-bucket-2026/TEST-12.ts#1775308252071619...
Removing gs://tfg-stream-bucket-2026/TEST-14.ts#1775308268822691...
..

Average throughput: 49.3MiB/s
At file:///home/pablo_perez92/stream-project/hls/**, worker process 209382 thread 140598094620480 listed 17...
At gs://tfg-stream-bucket-2026/**, worker process 209382 thread 140598094620480 listed 17...
Copying file:///home/pablo_perez92/stream-project/hls/TEST-40.ts to gs://tfg-stream-bucket-2026/TEST-40.ts
  
.
At file:///home/pablo_perez92/stream-project/hls/**, worker process 209427 thread 139624764311360 listed 17...
At gs://tfg-stream-bucket-2026/**, worker process 209427 thread 139624764311360 listed 17...
Copying file:///home/pablo_perez92/stream-project/hls/TEST-40.ts to gs://tfg-stream-bucket-2026/TEST-40.ts
  
..
At file:///home/pablo_perez92/stream-project/hls/**, worker process 209472 thread 140547791050560 listed 18...
At gs://tfg-stream-bucket-2026/**, worker process 209472 thread 140547791050560 listed 17...
Copying file:///home/pablo_perez92/stream-project/hls/TEST-40.ts to gs://tfg-stream-bucket-2026/TEST-40.ts
Copying file:///home/pablo_perez92/stream-project/hls/TEST-41.ts to gs://tfg-stream-bucket-2026/TEST-41.ts
  
Copying file:///home/pablo_perez92/stream-project/hls/TEST.m3u8 to gs://tfg-stream-bucket-2026/TEST.m3u8
.

Average throughput: 106.6MiB/s
At file:///home/pablo_perez92/stream-project/hls/**, worker process 209518 thread 139903055025984 listed 18...
At gs://tfg-stream-bucket-2026/**, worker process 209518 thread 139903055025984 listed 18...
Copying file:///home/pablo_perez92/stream-project/hls/TEST-41.ts to gs://tfg-stream-bucket-2026/TEST-41.ts
  
.
At file:///home/pablo_perez92/stream-project/hls/**, worker process 209563 thread 140310959814464 listed 18...
At gs://tfg-stream-bucket-2026/**, worker process 209563 thread 140310959814464 listed 18...
Copying file:///home/pablo_perez92/stream-project/hls/TEST-41.ts to gs://tfg-stream-bucket-2026/TEST-41.ts
  
..
At file:///home/pablo_perez92/stream-project/hls/**, worker process 209608 thread 140403840972608 listed 19...
At gs://tfg-stream-bucket-2026/**, worker process 209608 thread 140403840972608 listed 18...
Copying file:///home/pablo_perez92/stream-project/hls/TEST-41.ts to gs://tfg-stream-bucket-2026/TEST-41.ts
Copying file:///home/pablo_perez92/stream-project/hls/TEST-42.ts to gs://tfg-stream-bucket-2026/TEST-42.ts
  
Copying file:///home/pablo_perez92/stream-project/hls/TEST.m3u8 to gs://tfg-stream-bucket-2026/TEST.m3u8
.

Average throughput: 79.5MiB/s
At file:///home/pablo_perez92/stream-project/hls/**, worker process 209656 thread 140278417434432 listed 19...
At gs://tfg-stream-bucket-2026/**, worker process 209656 thread 140278417434432 listed 19...
Copying file:///home/pablo_perez92/stream-project/hls/TEST-42.ts to gs://tfg-stream-bucket-2026/TEST-42.ts
  
.
At file:///home/pablo_perez92/stream-project/hls/**, worker process 209702 thread 140279855105856 listed 19...
At gs://tfg-stream-bucket-2026/**, worker process 209702 thread 140279855105856 listed 19...
Copying file:///home/pablo_perez92/stream-project/hls/TEST-42.ts to gs://tfg-stream-bucket-2026/TEST-42.ts
  
..
At file:///home/pablo_perez92/stream-project/hls/**, worker process 209747 thread 140018508826432 listed 20...
At gs://tfg-stream-bucket-2026/**, worker process 209747 thread 140018508826432 listed 19...
Copying file:///home/pablo_perez92/stream-project/hls/TEST-42.ts to gs://tfg-stream-bucket-2026/TEST-42.ts
Copying file:///home/pablo_perez92/stream-project/hls/TEST-43.ts to gs://tfg-stream-bucket-2026/TEST-43.ts
  
Copying file:///home/pablo_perez92/stream-project/hls/TEST.m3u8 to gs://tfg-stream-bucket-2026/TEST.m3u8
..

Average throughput: 63.8MiB/s
At file:///home/pablo_perez92/stream-project/hls/**, worker process 209792 thread 140694642812736 listed 20...
At gs://tfg-stream-bucket-2026/**, worker process 209792 thread 140694642812736 listed 20...
Copying file:///home/pablo_perez92/stream-project/hls/TEST-43.ts to gs://tfg-stream-bucket-2026/TEST-43.ts
  
.
At file:///home/pablo_perez92/stream-project/hls/**, worker process 209838 thread 140421326505792 listed 20...
At gs://tfg-stream-bucket-2026/**, worker process 209838 thread 140421326505792 listed 20...
Copying file:///home/pablo_perez92/stream-project/hls/TEST-43.ts to gs://tfg-stream-bucket-2026/TEST-43.ts
  
..
At file:///home/pablo_perez92/stream-project/hls/**, worker process 209883 thread 140008377460544 listed 21...
At gs://tfg-stream-bucket-2026/**, worker process 209883 thread 140008377460544 listed 20...
Copying file:///home/pablo_perez92/stream-project/hls/TEST-43.ts to gs://tfg-stream-bucket-2026/TEST-43.ts
Copying file:///home/pablo_perez92/stream-project/hls/TEST-44.ts to gs://tfg-stream-bucket-2026/TEST-44.ts
  
Copying file:///home/pablo_perez92/stream-project/hls/TEST.m3u8 to gs://tfg-stream-bucket-2026/TEST.m3u8
.

Average throughput: 61.4MiB/s
At file:///home/pablo_perez92/stream-project/hls/**, worker process 209928 thread 140015930730304 listed 21...
At gs://tfg-stream-bucket-2026/**, worker process 209928 thread 140015930730304 listed 21...
Copying file:///home/pablo_perez92/stream-project/hls/TEST-44.ts to gs://tfg-stream-bucket-2026/TEST-44.ts
  
.
At file:///home/pablo_perez92/stream-project/hls/**, worker process 209973 thread 140707113633600 listed 21...
At gs://tfg-stream-bucket-2026/**, worker process 209973 thread 140707113633600 listed 21...
Copying file:///home/pablo_perez92/stream-project/hls/TEST-44.ts to gs://tfg-stream-bucket-2026/TEST-44.ts
  
..
At file:///home/pablo_perez92/stream-project/hls/**, worker process 210019 thread 139928386156352 listed 22...
At gs://tfg-stream-bucket-2026/**, worker process 210019 thread 139928386156352 listed 21...
Copying file:///home/pablo_perez92/stream-project/hls/TEST-44.ts to gs://tfg-stream-bucket-2026/TEST-44.ts
Copying file:///home/pablo_perez92/stream-project/hls/TEST-45.ts to gs://tfg-stream-bucket-2026/TEST-45.ts
  
Copying file:///home/pablo_perez92/stream-project/hls/TEST.m3u8 to gs://tfg-stream-bucket-2026/TEST.m3u8
.

Average throughput: 78.6MiB/s
At file:///home/pablo_perez92/stream-project/hls/**, worker process 210064 thread 139767714981696 listed 22...
At gs://tfg-stream-bucket-2026/**, worker process 210064 thread 139767714981696 listed 22...
Copying file:///home/pablo_perez92/stream-project/hls/TEST-45.ts to gs://tfg-stream-bucket-2026/TEST-45.ts
  
.
At file:///home/pablo_perez92/stream-project/hls/**, worker process 210109 thread 139896951269184 listed 22...
At gs://tfg-stream-bucket-2026/**, worker process 210109 thread 139896951269184 listed 22...
Copying file:///home/pablo_perez92/stream-project/hls/TEST-45.ts to gs://tfg-stream-bucket-2026/TEST-45.ts
  
..
At file:///home/pablo_perez92/stream-project/hls/**, worker process 210154 thread 139779904792384 listed 23...
At gs://tfg-stream-bucket-2026/**, worker process 210154 thread 139779904792384 listed 22...
Copying file:///home/pablo_perez92/stream-project/hls/TEST-45.ts to gs://tfg-stream-bucket-2026/TEST-45.ts
Copying file:///home/pablo_perez92/stream-project/hls/TEST-46.ts to gs://tfg-stream-bucket-2026/TEST-46.ts
  
Copying file:///home/pablo_perez92/stream-project/hls/TEST.m3u8 to gs://tfg-stream-bucket-2026/TEST.m3u8
..

Average throughput: 57.5MiB/s
At file:///home/pablo_perez92/stream-project/hls/**, worker process 210200 thread 139793492977472 listed 23...
At gs://tfg-stream-bucket-2026/**, worker process 210200 thread 139793492977472 listed 23...
Copying file:///home/pablo_perez92/stream-project/hls/TEST-46.ts to gs://tfg-stream-bucket-2026/TEST-46.ts
  
.
At file:///home/pablo_perez92/stream-project/hls/**, worker process 210245 thread 140249133438784 listed 23...
At gs://tfg-stream-bucket-2026/**, worker process 210245 thread 140249133438784 listed 23...
Copying file:///home/pablo_perez92/stream-project/hls/TEST-46.ts to gs://tfg-stream-bucket-2026/TEST-46.ts
  
..
At file:///home/pablo_perez92/stream-project/hls/**, worker process 210290 thread 139698391381824 listed 24...
At gs://tfg-stream-bucket-2026/**, worker process 210290 thread 139698391381824 listed 23...
Copying file:///home/pablo_perez92/stream-project/hls/TEST-46.ts to gs://tfg-stream-bucket-2026/TEST-46.ts
Copying file:///home/pablo_perez92/stream-project/hls/TEST-47.ts to gs://tfg-stream-bucket-2026/TEST-47.ts
  
Copying file:///home/pablo_perez92/stream-project/hls/TEST.m3u8 to gs://tfg-stream-bucket-2026/TEST.m3u8
.

Average throughput: 76.6MiB/s
At file:///home/pablo_perez92/stream-project/hls/**, worker process 210336 thread 140692772652864 listed 24...
At gs://tfg-stream-bucket-2026/**, worker process 210336 thread 140692772652864 listed 24...
Copying file:///home/pablo_perez92/stream-project/hls/TEST-47.ts to gs://tfg-stream-bucket-2026/TEST-47.ts
  
..
At file:///home/pablo_perez92/stream-project/hls/**, worker process 210381 thread 140712490391360 listed 24...
At gs://tfg-stream-bucket-2026/**, worker process 210381 thread 140712490391360 listed 24...
Copying file:///home/pablo_perez92/stream-project/hls/TEST-47.ts to gs://tfg-stream-bucket-2026/TEST-47.ts
  
..
At file:///home/pablo_perez92/stream-project/hls/**, worker process 210426 thread 140699434690368 listed 25...
At gs://tfg-stream-bucket-2026/**, worker process 210426 thread 140699434690368 listed 24...
Copying file:///home/pablo_perez92/stream-project/hls/TEST-47.ts to gs://tfg-stream-bucket-2026/TEST-47.ts
Copying file:///home/pablo_perez92/stream-project/hls/TEST-48.ts to gs://tfg-stream-bucket-2026/TEST-48.ts
  
Copying file:///home/pablo_perez92/stream-project/hls/TEST.m3u8 to gs://tfg-stream-bucket-2026/TEST.m3u8
..

Average throughput: 54.8MiB/s
At file:///home/pablo_perez92/stream-project/hls/**, worker process 210471 thread 140277653583680 listed 25...
At gs://tfg-stream-bucket-2026/**, worker process 210471 thread 140277653583680 listed 25...
Copying file:///home/pablo_perez92/stream-project/hls/TEST-48.ts to gs://tfg-stream-bucket-2026/TEST-48.ts
  
.
At file:///home/pablo_perez92/stream-project/hls/**, worker process 210517 thread 140330304558912 listed 25...
At gs://tfg-stream-bucket-2026/**, worker process 210517 thread 140330304558912 listed 25...
Copying file:///home/pablo_perez92/stream-project/hls/TEST-48.ts to gs://tfg-stream-bucket-2026/TEST-48.ts
  
.
At file:///home/pablo_perez92/stream-project/hls/**, worker process 210562 thread 140631192311616 listed 26...
At gs://tfg-stream-bucket-2026/**, worker process 210562 thread 140631192311616 listed 25...
Copying file:///home/pablo_perez92/stream-project/hls/TEST-48.ts to gs://tfg-stream-bucket-2026/TEST-48.ts
Copying file:///home/pablo_perez92/stream-project/hls/TEST-49.ts to gs://tfg-stream-bucket-2026/TEST-49.ts
  
Copying file:///home/pablo_perez92/stream-project/hls/TEST.m3u8 to gs://tfg-stream-bucket-2026/TEST.m3u8
.

Average throughput: 141.4MiB/s
At file:///home/pablo_perez92/stream-project/hls/**, worker process 210610 thread 140301480765248 listed 26...
At gs://tfg-stream-bucket-2026/**, worker process 210610 thread 140301480765248 listed 26...
Copying file:///home/pablo_perez92/stream-project/hls/TEST-49.ts to gs://tfg-stream-bucket-2026/TEST-49.ts
  
.
At file:///home/pablo_perez92/stream-project/hls/**, worker process 210656 thread 140185786677056 listed 26...
At gs://tfg-stream-bucket-2026/**, worker process 210656 thread 140185786677056 listed 26...
Copying file:///home/pablo_perez92/stream-project/hls/TEST-49.ts to gs://tfg-stream-bucket-2026/TEST-49.ts
  
..
At file:///home/pablo_perez92/stream-project/hls/**, worker process 210701 thread 140648593565504 listed 27...
At gs://tfg-stream-bucket-2026/**, worker process 210701 thread 140648593565504 listed 26...
Copying file:///home/pablo_perez92/stream-project/hls/TEST-49.ts to gs://tfg-stream-bucket-2026/TEST-49.ts
Copying file:///home/pablo_perez92/stream-project/hls/TEST-50.ts to gs://tfg-stream-bucket-2026/TEST-50.ts
  
Copying file:///home/pablo_perez92/stream-project/hls/TEST.m3u8 to gs://tfg-stream-bucket-2026/TEST.m3u8
..

Average throughput: 64.3MiB/s
At file:///home/pablo_perez92/stream-project/hls/**, worker process 210746 thread 140159487891264 listed 27...
At gs://tfg-stream-bucket-2026/**, worker process 210746 thread 140159487891264 listed 27...
Copying file:///home/pablo_perez92/stream-project/hls/TEST-50.ts to gs://tfg-stream-bucket-2026/TEST-50.ts
  
..
At file:///home/pablo_perez92/stream-project/hls/**, worker process 210792 thread 140574809540416 listed 27...
At gs://tfg-stream-bucket-2026/**, worker process 210792 thread 140574809540416 listed 27...
Copying file:///home/pablo_perez92/stream-project/hls/TEST-50.ts to gs://tfg-stream-bucket-2026/TEST-50.ts
  
.
At file:///home/pablo_perez92/stream-project/hls/**, worker process 210838 thread 140281456432960 listed 28...
At gs://tfg-stream-bucket-2026/**, worker process 210838 thread 140281456432960 listed 27...
Copying file:///home/pablo_perez92/stream-project/hls/TEST-51.ts to gs://tfg-stream-bucket-2026/TEST-51.ts
Copying file:///home/pablo_perez92/stream-project/hls/TEST.m3u8 to gs://tfg-stream-bucket-2026/TEST.m3u8
  
.

Average throughput: 24.3MiB/s
At file:///home/pablo_perez92/stream-project/hls/**, worker process 210883 thread 140511143319360 listed 28...
At gs://tfg-stream-bucket-2026/**, worker process 210883 thread 140511143319360 listed 28...
Copying file:///home/pablo_perez92/stream-project/hls/TEST-51.ts to gs://tfg-stream-bucket-2026/TEST-51.ts
  
..
At file:///home/pablo_perez92/stream-project/hls/**, worker process 210928 thread 139897296713536 listed 28...
At gs://tfg-stream-bucket-2026/**, worker process 210928 thread 139897296713536 listed 28...
Copying file:///home/pablo_perez92/stream-project/hls/TEST-51.ts to gs://tfg-stream-bucket-2026/TEST-51.ts
Copying file:///home/pablo_perez92/stream-project/hls/TEST.m3u8 to gs://tfg-stream-bucket-2026/TEST.m3u8
  
.

Average throughput: 77.5MiB/s
At file:///home/pablo_perez92/stream-project/hls/**, worker process 210974 thread 140428142344000 listed 29...
At gs://tfg-stream-bucket-2026/**, worker process 210974 thread 140428142344000 listed 28...
Copying file:///home/pablo_perez92/stream-project/hls/TEST-52.ts to gs://tfg-stream-bucket-2026/TEST-52.ts
  
.
At file:///home/pablo_perez92/stream-project/hls/**, worker process 211019 thread 140001589348160 listed 29...
At gs://tfg-stream-bucket-2026/**, worker process 211019 thread 140001589348160 listed 29...
Copying file:///home/pablo_perez92/stream-project/hls/TEST-52.ts to gs://tfg-stream-bucket-2026/TEST-52.ts
  
..
At file:///home/pablo_perez92/stream-project/hls/**, worker process 211064 thread 140093869352768 listed 29...
At gs://tfg-stream-bucket-2026/**, worker process 211064 thread 140093869352768 listed 29...
Copying file:///home/pablo_perez92/stream-project/hls/TEST-52.ts to gs://tfg-stream-bucket-2026/TEST-52.ts
Copying file:///home/pablo_perez92/stream-project/hls/TEST.m3u8 to gs://tfg-stream-bucket-2026/TEST.m3u8
  
.

Average throughput: 50.7MiB/s
At file:///home/pablo_perez92/stream-project/hls/**, worker process 211109 thread 140447745513280 listed 30...
At gs://tfg-stream-bucket-2026/**, worker process 211109 thread 140447745513280 listed 29...
Copying file:///home/pablo_perez92/stream-project/hls/TEST-53.ts to gs://tfg-stream-bucket-2026/TEST-53.ts
  
.
At file:///home/pablo_perez92/stream-project/hls/**, worker process 211155 thread 140391990269760 listed 30...
At gs://tfg-stream-bucket-2026/**, worker process 211155 thread 140391990269760 listed 30...
Copying file:///home/pablo_perez92/stream-project/hls/TEST-53.ts to gs://tfg-stream-bucket-2026/TEST-53.ts
  
..
At file:///home/pablo_perez92/stream-project/hls/**, worker process 211200 thread 140173226256192 listed 31...
At gs://tfg-stream-bucket-2026/**, worker process 211200 thread 140173226256192 listed 30...
Copying file:///home/pablo_perez92/stream-project/hls/TEST-53.ts to gs://tfg-stream-bucket-2026/TEST-53.ts
Copying file:///home/pablo_perez92/stream-project/hls/TEST-54.ts to gs://tfg-stream-bucket-2026/TEST-54.ts
  
Copying file:///home/pablo_perez92/stream-project/hls/TEST.m3u8 to gs://tfg-stream-bucket-2026/TEST.m3u8
.

Average throughput: 82.6MiB/s
At file:///home/pablo_perez92/stream-project/hls/**, worker process 211245 thread 139812928579392 listed 31...
At gs://tfg-stream-bucket-2026/**, worker process 211245 thread 139812928579392 listed 31...
Copying file:///home/pablo_perez92/stream-project/hls/TEST-54.ts to gs://tfg-stream-bucket-2026/TEST-54.ts
  
.
At file:///home/pablo_perez92/stream-project/hls/**, worker process 211291 thread 139664103200576 listed 16...
At gs://tfg-stream-bucket-2026/**, worker process 211291 thread 139664103200576 listed 31...
  
Removing gs://tfg-stream-bucket-2026/TEST-25.ts#1775308360696811...
Copying file:///home/pablo_perez92/stream-project/hls/TEST-54.ts to gs://tfg-stream-bucket-2026/TEST-54.ts
Removing gs://tfg-stream-bucket-2026/TEST-27.ts#1775308377499776...
Removing gs://tfg-stream-bucket-2026/TEST-31.ts#1775308411103067...
Removing gs://tfg-stream-bucket-2026/TEST-38.ts#1775308469955084...
Removing gs://tfg-stream-bucket-2026/TEST-39.ts#1775308478488845...
Removing gs://tfg-stream-bucket-2026/TEST-37.ts#1775308461631392...
Removing gs://tfg-stream-bucket-2026/TEST-36.ts#1775308453239726...
Removing gs://tfg-stream-bucket-2026/TEST-35.ts#1775308444869264...
Removing gs://tfg-stream-bucket-2026/TEST-33.ts#1775308427996509...
Removing gs://tfg-stream-bucket-2026/TEST-34.ts#1775308436437000...
Removing gs://tfg-stream-bucket-2026/TEST-30.ts#1775308402710425...
Removing gs://tfg-stream-bucket-2026/TEST-29.ts#1775308394234813...
Removing gs://tfg-stream-bucket-2026/TEST-32.ts#1775308419578464...
Removing gs://tfg-stream-bucket-2026/TEST-28.ts#1775308385866825...
Removing gs://tfg-stream-bucket-2026/TEST-26.ts#1775308369181913...
...
At file:///home/pablo_perez92/stream-project/hls/**, worker process 211421 thread 140155823703872 listed 17...
At gs://tfg-stream-bucket-2026/**, worker process 211421 thread 140155823703872 listed 16...
Copying file:///home/pablo_perez92/stream-project/hls/TEST-54.ts to gs://tfg-stream-bucket-2026/TEST-54.ts
Copying file:///home/pablo_perez92/stream-project/hls/TEST-55.ts to gs://tfg-stream-bucket-2026/TEST-55.ts
  
Copying file:///home/pablo_perez92/stream-project/hls/TEST.m3u8 to gs://tfg-stream-bucket-2026/TEST.m3u8
.

Average throughput: 62.2MiB/s
At file:///home/pablo_perez92/stream-project/hls/**, worker process 211466 thread 139779974235968 listed 17...
At gs://tfg-stream-bucket-2026/**, worker process 211466 thread 139779974235968 listed 17...
Copying file:///home/pablo_perez92/stream-project/hls/TEST-55.ts to gs://tfg-stream-bucket-2026/TEST-55.ts
  
.
At file:///home/pablo_perez92/stream-project/hls/**, worker process 211511 thread 139993119889216 listed 17...
At gs://tfg-stream-bucket-2026/**, worker process 211511 thread 139993119889216 listed 17...
Copying file:///home/pablo_perez92/stream-project/hls/TEST-55.ts to gs://tfg-stream-bucket-2026/TEST-55.ts
  
..
At file:///home/pablo_perez92/stream-project/hls/**, worker process 211558 thread 140212527892288 listed 18...
At gs://tfg-stream-bucket-2026/**, worker process 211558 thread 140212527892288 listed 17...
Copying file:///home/pablo_perez92/stream-project/hls/TEST-55.ts to gs://tfg-stream-bucket-2026/TEST-55.ts
Copying file:///home/pablo_perez92/stream-project/hls/TEST-56.ts to gs://tfg-stream-bucket-2026/TEST-56.ts
  
Copying file:///home/pablo_perez92/stream-project/hls/TEST.m3u8 to gs://tfg-stream-bucket-2026/TEST.m3u8
.

Average throughput: 68.8MiB/s
At file:///home/pablo_perez92/stream-project/hls/**, worker process 211603 thread 139757374121792 listed 18...
At gs://tfg-stream-bucket-2026/**, worker process 211603 thread 139757374121792 listed 18...
Copying file:///home/pablo_perez92/stream-project/hls/TEST-56.ts to gs://tfg-stream-bucket-2026/TEST-56.ts
  
.
At file:///home/pablo_perez92/stream-project/hls/**, worker process 211648 thread 140107711977280 listed 18...
At gs://tfg-stream-bucket-2026/**, worker process 211648 thread 140107711977280 listed 18...
Copying file:///home/pablo_perez92/stream-project/hls/TEST-56.ts to gs://tfg-stream-bucket-2026/TEST-56.ts
  
..
At file:///home/pablo_perez92/stream-project/hls/**, worker process 211697 thread 140335524112192 listed 19...
At gs://tfg-stream-bucket-2026/**, worker process 211697 thread 140335524112192 listed 18...
Copying file:///home/pablo_perez92/stream-project/hls/TEST-56.ts to gs://tfg-stream-bucket-2026/TEST-56.ts
Copying file:///home/pablo_perez92/stream-project/hls/TEST-57.ts to gs://tfg-stream-bucket-2026/TEST-57.ts
  
Copying file:///home/pablo_perez92/stream-project/hls/TEST.m3u8 to gs://tfg-stream-bucket-2026/TEST.m3u8
.

Average throughput: 73.8MiB/s
At file:///home/pablo_perez92/stream-project/hls/**, worker process 211742 thread 140431129880384 listed 19...
At gs://tfg-stream-bucket-2026/**, worker process 211742 thread 140431129880384 listed 19...
Copying file:///home/pablo_perez92/stream-project/hls/TEST-57.ts to gs://tfg-stream-bucket-2026/TEST-57.ts
  
.
At file:///home/pablo_perez92/stream-project/hls/**, worker process 211790 thread 139855066822464 listed 19...
At gs://tfg-stream-bucket-2026/**, worker process 211790 thread 139855066822464 listed 19...
Copying file:///home/pablo_perez92/stream-project/hls/TEST-57.ts to gs://tfg-stream-bucket-2026/TEST-57.ts
  
..
At file:///home/pablo_perez92/stream-project/hls/**, worker process 211835 thread 139870188578624 listed 20...
At gs://tfg-stream-bucket-2026/**, worker process 211835 thread 139870188578624 listed 19...
Copying file:///home/pablo_perez92/stream-project/hls/TEST-57.ts to gs://tfg-stream-bucket-2026/TEST-57.ts
Copying file:///home/pablo_perez92/stream-project/hls/TEST-58.ts to gs://tfg-stream-bucket-2026/TEST-58.ts
  
Copying file:///home/pablo_perez92/stream-project/hls/TEST.m3u8 to gs://tfg-stream-bucket-2026/TEST.m3u8
.

Average throughput: 68.6MiB/s
At file:///home/pablo_perez92/stream-project/hls/**, worker process 211883 thread 139732685276992 listed 20...
At gs://tfg-stream-bucket-2026/**, worker process 211883 thread 139732685276992 listed 20...
Copying file:///home/pablo_perez92/stream-project/hls/TEST-58.ts to gs://tfg-stream-bucket-2026/TEST-58.ts
  
.
At file:///home/pablo_perez92/stream-project/hls/**, worker process 211928 thread 139950407046976 listed 20...
At gs://tfg-stream-bucket-2026/**, worker process 211928 thread 139950407046976 listed 20...
Copying file:///home/pablo_perez92/stream-project/hls/TEST-58.ts to gs://tfg-stream-bucket-2026/TEST-58.ts
  
..
At file:///home/pablo_perez92/stream-project/hls/**, worker process 211973 thread 140480272377664 listed 21...
At gs://tfg-stream-bucket-2026/**, worker process 211973 thread 140480272377664 listed 20...
Copying file:///home/pablo_perez92/stream-project/hls/TEST-58.ts to gs://tfg-stream-bucket-2026/TEST-58.ts
Copying file:///home/pablo_perez92/stream-project/hls/TEST-59.ts to gs://tfg-stream-bucket-2026/TEST-59.ts
  
Copying file:///home/pablo_perez92/stream-project/hls/TEST.m3u8 to gs://tfg-stream-bucket-2026/TEST.m3u8
.

Average throughput: 66.0MiB/s
At file:///home/pablo_perez92/stream-project/hls/**, worker process 212018 thread 140148004607808 listed 21...
At gs://tfg-stream-bucket-2026/**, worker process 212018 thread 140148004607808 listed 21...
Copying file:///home/pablo_perez92/stream-project/hls/TEST-59.ts to gs://tfg-stream-bucket-2026/TEST-59.ts
  
.
At file:///home/pablo_perez92/stream-project/hls/**, worker process 212064 thread 139714109343552 listed 21...
At gs://tfg-stream-bucket-2026/**, worker process 212064 thread 139714109343552 listed 21...
Copying file:///home/pablo_perez92/stream-project/hls/TEST-59.ts to gs://tfg-stream-bucket-2026/TEST-59.ts
  
..
At file:///home/pablo_perez92/stream-project/hls/**, worker process 212109 thread 140173962536768 listed 22...
At gs://tfg-stream-bucket-2026/**, worker process 212109 thread 140173962536768 listed 21...
Copying file:///home/pablo_perez92/stream-project/hls/TEST-59.ts to gs://tfg-stream-bucket-2026/TEST-59.ts
Copying file:///home/pablo_perez92/stream-project/hls/TEST-60.ts to gs://tfg-stream-bucket-2026/TEST-60.ts
  
Copying file:///home/pablo_perez92/stream-project/hls/TEST.m3u8 to gs://tfg-stream-bucket-2026/TEST.m3u8
.

Average throughput: 66.6MiB/s
At file:///home/pablo_perez92/stream-project/hls/**, worker process 212154 thread 140041211111232 listed 22...
At gs://tfg-stream-bucket-2026/**, worker process 212154 thread 140041211111232 listed 22...
Copying file:///home/pablo_perez92/stream-project/hls/TEST-60.ts to gs://tfg-stream-bucket-2026/TEST-60.ts
  
.
At file:///home/pablo_perez92/stream-project/hls/**, worker process 212200 thread 140332514379584 listed 22...
At gs://tfg-stream-bucket-2026/**, worker process 212200 thread 140332514379584 listed 22...
Copying file:///home/pablo_perez92/stream-project/hls/TEST-60.ts to gs://tfg-stream-bucket-2026/TEST-60.ts
  
..
At file:///home/pablo_perez92/stream-project/hls/**, worker process 212245 thread 140618397615936 listed 23...
At gs://tfg-stream-bucket-2026/**, worker process 212245 thread 140618397615936 listed 22...
Copying file:///home/pablo_perez92/stream-project/hls/TEST-60.ts to gs://tfg-stream-bucket-2026/TEST-60.ts
Copying file:///home/pablo_perez92/stream-project/hls/TEST-61.ts to gs://tfg-stream-bucket-2026/TEST-61.ts
  
Copying file:///home/pablo_perez92/stream-project/hls/TEST.m3u8 to gs://tfg-stream-bucket-2026/TEST.m3u8
.

Average throughput: 92.3MiB/s
At file:///home/pablo_perez92/stream-project/hls/**, worker process 212290 thread 140270450284352 listed 23...
At gs://tfg-stream-bucket-2026/**, worker process 212290 thread 140270450284352 listed 23...
Copying file:///home/pablo_perez92/stream-project/hls/TEST-61.ts to gs://tfg-stream-bucket-2026/TEST-61.ts
  
.
At file:///home/pablo_perez92/stream-project/hls/**, worker process 212335 thread 140223208908608 listed 23...
At gs://tfg-stream-bucket-2026/**, worker process 212335 thread 140223208908608 listed 23...
Copying file:///home/pablo_perez92/stream-project/hls/TEST-61.ts to gs://tfg-stream-bucket-2026/TEST-61.ts
  
..
At file:///home/pablo_perez92/stream-project/hls/**, worker process 212381 thread 140330892769088 listed 24...
At gs://tfg-stream-bucket-2026/**, worker process 212381 thread 140330892769088 listed 23...
Copying file:///home/pablo_perez92/stream-project/hls/TEST-61.ts to gs://tfg-stream-bucket-2026/TEST-61.ts
Copying file:///home/pablo_perez92/stream-project/hls/TEST-62.ts to gs://tfg-stream-bucket-2026/TEST-62.ts
  
Copying file:///home/pablo_perez92/stream-project/hls/TEST.m3u8 to gs://tfg-stream-bucket-2026/TEST.m3u8
.

Average throughput: 61.0MiB/s
At file:///home/pablo_perez92/stream-project/hls/**, worker process 212426 thread 140224249222976 listed 24...
At gs://tfg-stream-bucket-2026/**, worker process 212426 thread 140224249222976 listed 24...
Copying file:///home/pablo_perez92/stream-project/hls/TEST-62.ts to gs://tfg-stream-bucket-2026/TEST-62.ts
  
.
At file:///home/pablo_perez92/stream-project/hls/**, worker process 212471 thread 140015672256320 listed 24...
At gs://tfg-stream-bucket-2026/**, worker process 212471 thread 140015672256320 listed 24...
Copying file:///home/pablo_perez92/stream-project/hls/TEST-62.ts to gs://tfg-stream-bucket-2026/TEST-62.ts
  
..
At file:///home/pablo_perez92/stream-project/hls/**, worker process 212517 thread 139763677943616 listed 25...
At gs://tfg-stream-bucket-2026/**, worker process 212517 thread 139763677943616 listed 24...
Copying file:///home/pablo_perez92/stream-project/hls/TEST-62.ts to gs://tfg-stream-bucket-2026/TEST-62.ts
Copying file:///home/pablo_perez92/stream-project/hls/TEST-63.ts to gs://tfg-stream-bucket-2026/TEST-63.ts
  
Copying file:///home/pablo_perez92/stream-project/hls/TEST.m3u8 to gs://tfg-stream-bucket-2026/TEST.m3u8
.

Average throughput: 75.8MiB/s
At file:///home/pablo_perez92/stream-project/hls/**, worker process 212562 thread 140300402595648 listed 25...
At gs://tfg-stream-bucket-2026/**, worker process 212562 thread 140300402595648 listed 25...
Copying file:///home/pablo_perez92/stream-project/hls/TEST-63.ts to gs://tfg-stream-bucket-2026/TEST-63.ts
  
.
At file:///home/pablo_perez92/stream-project/hls/**, worker process 212607 thread 139827127412544 listed 25...
At gs://tfg-stream-bucket-2026/**, worker process 212607 thread 139827127412544 listed 25...
Copying file:///home/pablo_perez92/stream-project/hls/TEST-63.ts to gs://tfg-stream-bucket-2026/TEST-63.ts
  
..
At file:///home/pablo_perez92/stream-project/hls/**, worker process 213093 thread 140608230471488 listed 26...
At gs://tfg-stream-bucket-2026/**, worker process 213093 thread 140608230471488 listed 25...
Copying file:///home/pablo_perez92/stream-project/hls/TEST-63.ts to gs://tfg-stream-bucket-2026/TEST-63.ts
Copying file:///home/pablo_perez92/stream-project/hls/TEST-64.ts to gs://tfg-stream-bucket-2026/TEST-64.ts
  
Copying file:///home/pablo_perez92/stream-project/hls/TEST.m3u8 to gs://tfg-stream-bucket-2026/TEST.m3u8
.

Average throughput: 83.8MiB/s
At file:///home/pablo_perez92/stream-project/hls/**, worker process 213161 thread 140147413624640 listed 26...
At gs://tfg-stream-bucket-2026/**, worker process 213161 thread 140147413624640 listed 26...
Copying file:///home/pablo_perez92/stream-project/hls/TEST-64.ts to gs://tfg-stream-bucket-2026/TEST-64.ts
  
.
At file:///home/pablo_perez92/stream-project/hls/**, worker process 213206 thread 140244356777792 listed 26...
At gs://tfg-stream-bucket-2026/**, worker process 213206 thread 140244356777792 listed 26...
Copying file:///home/pablo_perez92/stream-project/hls/TEST-64.ts to gs://tfg-stream-bucket-2026/TEST-64.ts
  
..
At file:///home/pablo_perez92/stream-project/hls/**, worker process 213252 thread 140028391712576 listed 27...
At gs://tfg-stream-bucket-2026/**, worker process 213252 thread 140028391712576 listed 26...
Copying file:///home/pablo_perez92/stream-project/hls/TEST-64.ts to gs://tfg-stream-bucket-2026/TEST-64.ts
Copying file:///home/pablo_perez92/stream-project/hls/TEST-65.ts to gs://tfg-stream-bucket-2026/TEST-65.ts
  
Copying file:///home/pablo_perez92/stream-project/hls/TEST.m3u8 to gs://tfg-stream-bucket-2026/TEST.m3u8
..

Average throughput: 51.2MiB/s
At file:///home/pablo_perez92/stream-project/hls/**, worker process 213298 thread 140572217845568 listed 27...
At gs://tfg-stream-bucket-2026/**, worker process 213298 thread 140572217845568 listed 27...
Copying file:///home/pablo_perez92/stream-project/hls/TEST-65.ts to gs://tfg-stream-bucket-2026/TEST-65.ts
  
.
At file:///home/pablo_perez92/stream-project/hls/**, worker process 213347 thread 140576072632128 listed 27...
At gs://tfg-stream-bucket-2026/**, worker process 213347 thread 140576072632128 listed 27...
Copying file:///home/pablo_perez92/stream-project/hls/TEST-65.ts to gs://tfg-stream-bucket-2026/TEST-65.ts
  
..
At file:///home/pablo_perez92/stream-project/hls/**, worker process 213398 thread 139657401648960 listed 28...
At gs://tfg-stream-bucket-2026/**, worker process 213398 thread 139657401648960 listed 27...
Copying file:///home/pablo_perez92/stream-project/hls/TEST-65.ts to gs://tfg-stream-bucket-2026/TEST-65.ts
Copying file:///home/pablo_perez92/stream-project/hls/TEST-66.ts to gs://tfg-stream-bucket-2026/TEST-66.ts
  
Copying file:///home/pablo_perez92/stream-project/hls/TEST.m3u8 to gs://tfg-stream-bucket-2026/TEST.m3u8
.

Average throughput: 65.0MiB/s
At file:///home/pablo_perez92/stream-project/hls/**, worker process 213447 thread 140533268145984 listed 28...
At gs://tfg-stream-bucket-2026/**, worker process 213447 thread 140533268145984 listed 28...
Copying file:///home/pablo_perez92/stream-project/hls/TEST-66.ts to gs://tfg-stream-bucket-2026/TEST-66.ts
  
.
At file:///home/pablo_perez92/stream-project/hls/**, worker process 213497 thread 140495920396096 listed 28...
At gs://tfg-stream-bucket-2026/**, worker process 213497 thread 140495920396096 listed 28...
Copying file:///home/pablo_perez92/stream-project/hls/TEST-66.ts to gs://tfg-stream-bucket-2026/TEST-66.ts
  
..
At file:///home/pablo_perez92/stream-project/hls/**, worker process 213544 thread 140585702758208 listed 29...
At gs://tfg-stream-bucket-2026/**, worker process 213544 thread 140585702758208 listed 28...
Copying file:///home/pablo_perez92/stream-project/hls/TEST-66.ts to gs://tfg-stream-bucket-2026/TEST-66.ts
Copying file:///home/pablo_perez92/stream-project/hls/TEST-67.ts to gs://tfg-stream-bucket-2026/TEST-67.ts
  
Copying file:///home/pablo_perez92/stream-project/hls/TEST.m3u8 to gs://tfg-stream-bucket-2026/TEST.m3u8
..

Average throughput: 88.1MiB/s
At file:///home/pablo_perez92/stream-project/hls/**, worker process 213589 thread 140396562286400 listed 29...
At gs://tfg-stream-bucket-2026/**, worker process 213589 thread 140396562286400 listed 29...
Copying file:///home/pablo_perez92/stream-project/hls/TEST-67.ts to gs://tfg-stream-bucket-2026/TEST-67.ts
  
.
At file:///home/pablo_perez92/stream-project/hls/**, worker process 213635 thread 139630849480512 listed 29...
At gs://tfg-stream-bucket-2026/**, worker process 213635 thread 139630849480512 listed 29...
Copying file:///home/pablo_perez92/stream-project/hls/TEST-67.ts to gs://tfg-stream-bucket-2026/TEST-67.ts
  
..
At file:///home/pablo_perez92/stream-project/hls/**, worker process 213680 thread 140056315733824 listed 30...
At gs://tfg-stream-bucket-2026/**, worker process 213680 thread 140056315733824 listed 29...
Copying file:///home/pablo_perez92/stream-project/hls/TEST-67.ts to gs://tfg-stream-bucket-2026/TEST-67.ts
Copying file:///home/pablo_perez92/stream-project/hls/TEST-68.ts to gs://tfg-stream-bucket-2026/TEST-68.ts
  
Copying file:///home/pablo_perez92/stream-project/hls/TEST.m3u8 to gs://tfg-stream-bucket-2026/TEST.m3u8
.

Average throughput: 65.2MiB/s
At file:///home/pablo_perez92/stream-project/hls/**, worker process 213725 thread 140461113894720 listed 30...
At gs://tfg-stream-bucket-2026/**, worker process 213725 thread 140461113894720 listed 30...
Copying file:///home/pablo_perez92/stream-project/hls/TEST-68.ts to gs://tfg-stream-bucket-2026/TEST-68.ts
  
.
At file:///home/pablo_perez92/stream-project/hls/**, worker process 213770 thread 140558371342144 listed 30...
At gs://tfg-stream-bucket-2026/**, worker process 213770 thread 140558371342144 listed 30...
Copying file:///home/pablo_perez92/stream-project/hls/TEST-68.ts to gs://tfg-stream-bucket-2026/TEST-68.ts
  
..
At file:///home/pablo_perez92/stream-project/hls/**, worker process 213816 thread 140652040689472 listed 17...
At gs://tfg-stream-bucket-2026/**, worker process 213816 thread 140652040689472 listed 30...
  
Removing gs://tfg-stream-bucket-2026/TEST-40.ts#1775308486945906...
Removing gs://tfg-stream-bucket-2026/TEST-42.ts#1775308503754720...
Removing gs://tfg-stream-bucket-2026/TEST-46.ts#1775308537598001...
Copying file:///home/pablo_perez92/stream-project/hls/TEST-68.ts to gs://tfg-stream-bucket-2026/TEST-68.ts
Copying file:///home/pablo_perez92/stream-project/hls/TEST-69.ts to gs://tfg-stream-bucket-2026/TEST-69.ts
Removing gs://tfg-stream-bucket-2026/TEST-53.ts#1775308593906967...
Copying file:///home/pablo_perez92/stream-project/hls/TEST.m3u8 to gs://tfg-stream-bucket-2026/TEST.m3u8
Removing gs://tfg-stream-bucket-2026/TEST-52.ts#1775308585557089...
Removing gs://tfg-stream-bucket-2026/TEST-51.ts#1775308577140857...
Removing gs://tfg-stream-bucket-2026/TEST-50.ts#1775308568686648...
Removing gs://tfg-stream-bucket-2026/TEST-49.ts#1775308562963440...
Removing gs://tfg-stream-bucket-2026/TEST-48.ts#1775308554513433...
Removing gs://tfg-stream-bucket-2026/TEST-47.ts#1775308546182769...
Removing gs://tfg-stream-bucket-2026/TEST-45.ts#1775308529064364...
Removing gs://tfg-stream-bucket-2026/TEST-41.ts#1775308495374130...
Removing gs://tfg-stream-bucket-2026/TEST-44.ts#1775308520658394...
Removing gs://tfg-stream-bucket-2026/TEST-43.ts#1775308512299102...
..

Average throughput: 84.1MiB/s
At file:///home/pablo_perez92/stream-project/hls/**, worker process 213946 thread 140045967849280 listed 17...
At gs://tfg-stream-bucket-2026/**, worker process 213946 thread 140045967849280 listed 17...
Copying file:///home/pablo_perez92/stream-project/hls/TEST-69.ts to gs://tfg-stream-bucket-2026/TEST-69.ts
  
..
At file:///home/pablo_perez92/stream-project/hls/**, worker process 213992 thread 140496184305472 listed 17...
At gs://tfg-stream-bucket-2026/**, worker process 213992 thread 140496184305472 listed 17...
Copying file:///home/pablo_perez92/stream-project/hls/TEST-69.ts to gs://tfg-stream-bucket-2026/TEST-69.ts
  
.
At file:///home/pablo_perez92/stream-project/hls/**, worker process 214038 thread 139866380748608 listed 18...
At gs://tfg-stream-bucket-2026/**, worker process 214038 thread 139866380748608 listed 17...
Copying file:///home/pablo_perez92/stream-project/hls/TEST-69.ts to gs://tfg-stream-bucket-2026/TEST-69.ts
Copying file:///home/pablo_perez92/stream-project/hls/TEST-70.ts to gs://tfg-stream-bucket-2026/TEST-70.ts
  
Copying file:///home/pablo_perez92/stream-project/hls/TEST.m3u8 to gs://tfg-stream-bucket-2026/TEST.m3u8
..

Average throughput: 58.0MiB/s
At file:///home/pablo_perez92/stream-project/hls/**, worker process 214083 thread 140167693219648 listed 18...
At gs://tfg-stream-bucket-2026/**, worker process 214083 thread 140167693219648 listed 18...
Copying file:///home/pablo_perez92/stream-project/hls/TEST-70.ts to gs://tfg-stream-bucket-2026/TEST-70.ts
  
.
At file:///home/pablo_perez92/stream-project/hls/**, worker process 214128 thread 140569797293888 listed 18...
At gs://tfg-stream-bucket-2026/**, worker process 214128 thread 140569797293888 listed 18...
Copying file:///home/pablo_perez92/stream-project/hls/TEST-70.ts to gs://tfg-stream-bucket-2026/TEST-70.ts
  
.
At file:///home/pablo_perez92/stream-project/hls/**, worker process 214179 thread 139827054847808 listed 19...
At gs://tfg-stream-bucket-2026/**, worker process 214179 thread 139827054847808 listed 18...
Copying file:///home/pablo_perez92/stream-project/hls/TEST-70.ts to gs://tfg-stream-bucket-2026/TEST-70.ts
Copying file:///home/pablo_perez92/stream-project/hls/TEST-71.ts to gs://tfg-stream-bucket-2026/TEST-71.ts
  
Copying file:///home/pablo_perez92/stream-project/hls/TEST.m3u8 to gs://tfg-stream-bucket-2026/TEST.m3u8
..

Average throughput: 57.5MiB/s
At file:///home/pablo_perez92/stream-project/hls/**, worker process 214225 thread 140445874128704 listed 19...
At gs://tfg-stream-bucket-2026/**, worker process 214225 thread 140445874128704 listed 19...
Copying file:///home/pablo_perez92/stream-project/hls/TEST-71.ts to gs://tfg-stream-bucket-2026/TEST-71.ts
  
..
At file:///home/pablo_perez92/stream-project/hls/**, worker process 214270 thread 139663412156224 listed 19...
At gs://tfg-stream-bucket-2026/**, worker process 214270 thread 139663412156224 listed 19...
Copying file:///home/pablo_perez92/stream-project/hls/TEST-71.ts to gs://tfg-stream-bucket-2026/TEST-71.ts
Copying file:///home/pablo_perez92/stream-project/hls/TEST.m3u8 to gs://tfg-stream-bucket-2026/TEST.m3u8
  
.

Average throughput: 74.2MiB/s
At file:///home/pablo_perez92/stream-project/hls/**, worker process 214315 thread 140143667869504 listed 20...
At gs://tfg-stream-bucket-2026/**, worker process 214315 thread 140143667869504 listed 19...
Copying file:///home/pablo_perez92/stream-project/hls/TEST-72.ts to gs://tfg-stream-bucket-2026/TEST-72.ts
  
.
At file:///home/pablo_perez92/stream-project/hls/**, worker process 214361 thread 140060170700608 listed 20...
At gs://tfg-stream-bucket-2026/**, worker process 214361 thread 140060170700608 listed 20...
Copying file:///home/pablo_perez92/stream-project/hls/TEST-72.ts to gs://tfg-stream-bucket-2026/TEST-72.ts
  
.
At file:///home/pablo_perez92/stream-project/hls/**, worker process 214406 thread 140083312535360 listed 20...
At gs://tfg-stream-bucket-2026/**, worker process 214406 thread 140083312535360 listed 20...
Copying file:///home/pablo_perez92/stream-project/hls/TEST-72.ts to gs://tfg-stream-bucket-2026/TEST-72.ts
  
.
At file:///home/pablo_perez92/stream-project/hls/**, worker process 214451 thread 140375388706624 listed 21...
At gs://tfg-stream-bucket-2026/**, worker process 214451 thread 140375388706624 listed 20...
Copying file:///home/pablo_perez92/stream-project/hls/TEST-72.ts to gs://tfg-stream-bucket-2026/TEST-72.ts
Copying file:///home/pablo_perez92/stream-project/hls/TEST-73.ts to gs://tfg-stream-bucket-2026/TEST-73.ts
  
Copying file:///home/pablo_perez92/stream-project/hls/TEST.m3u8 to gs://tfg-stream-bucket-2026/TEST.m3u8
..

Average throughput: 99.7MiB/s
At file:///home/pablo_perez92/stream-project/hls/**, worker process 214496 thread 139873957136192 listed 21...
At gs://tfg-stream-bucket-2026/**, worker process 214496 thread 139873957136192 listed 21...
Copying file:///home/pablo_perez92/stream-project/hls/TEST-73.ts to gs://tfg-stream-bucket-2026/TEST-73.ts
  
..
At file:///home/pablo_perez92/stream-project/hls/**, worker process 214542 thread 140363287791424 listed 22...
At gs://tfg-stream-bucket-2026/**, worker process 214542 thread 140363287791424 listed 21...
Copying file:///home/pablo_perez92/stream-project/hls/TEST-73.ts to gs://tfg-stream-bucket-2026/TEST-73.ts
Copying file:///home/pablo_perez92/stream-project/hls/TEST-74.ts to gs://tfg-stream-bucket-2026/TEST-74.ts
  
Copying file:///home/pablo_perez92/stream-project/hls/TEST.m3u8 to gs://tfg-stream-bucket-2026/TEST.m3u8
.

Average throughput: 70.3MiB/s
At file:///home/pablo_perez92/stream-project/hls/**, worker process 214587 thread 140313410750272 listed 22...
At gs://tfg-stream-bucket-2026/**, worker process 214587 thread 140313410750272 listed 22...
Copying file:///home/pablo_perez92/stream-project/hls/TEST-74.ts to gs://tfg-stream-bucket-2026/TEST-74.ts
  
.
At file:///home/pablo_perez92/stream-project/hls/**, worker process 214632 thread 140595727898432 listed 22...
At gs://tfg-stream-bucket-2026/**, worker process 214632 thread 140595727898432 listed 22...
Copying file:///home/pablo_perez92/stream-project/hls/TEST-74.ts to gs://tfg-stream-bucket-2026/TEST-74.ts
  
..
At file:///home/pablo_perez92/stream-project/hls/**, worker process 214677 thread 140595862767424 listed 23...
At gs://tfg-stream-bucket-2026/**, worker process 214677 thread 140595862767424 listed 22...
Copying file:///home/pablo_perez92/stream-project/hls/TEST-74.ts to gs://tfg-stream-bucket-2026/TEST-74.ts
Copying file:///home/pablo_perez92/stream-project/hls/TEST-75.ts to gs://tfg-stream-bucket-2026/TEST-75.ts
  
Copying file:///home/pablo_perez92/stream-project/hls/TEST.m3u8 to gs://tfg-stream-bucket-2026/TEST.m3u8
.

Average throughput: 58.8MiB/s
At file:///home/pablo_perez92/stream-project/hls/**, worker process 214723 thread 140355327579968 listed 23...
At gs://tfg-stream-bucket-2026/**, worker process 214723 thread 140355327579968 listed 23...
Copying file:///home/pablo_perez92/stream-project/hls/TEST-75.ts to gs://tfg-stream-bucket-2026/TEST-75.ts
  
.
At file:///home/pablo_perez92/stream-project/hls/**, worker process 214768 thread 140021460080448 listed 23...
At gs://tfg-stream-bucket-2026/**, worker process 214768 thread 140021460080448 listed 23...
Copying file:///home/pablo_perez92/stream-project/hls/TEST-75.ts to gs://tfg-stream-bucket-2026/TEST-75.ts
  
..
At file:///home/pablo_perez92/stream-project/hls/**, worker process 214813 thread 139922782373696 listed 24...
At gs://tfg-stream-bucket-2026/**, worker process 214813 thread 139922782373696 listed 23...
Copying file:///home/pablo_perez92/stream-project/hls/TEST-75.ts to gs://tfg-stream-bucket-2026/TEST-75.ts
Copying file:///home/pablo_perez92/stream-project/hls/TEST-76.ts to gs://tfg-stream-bucket-2026/TEST-76.ts
  
Copying file:///home/pablo_perez92/stream-project/hls/TEST.m3u8 to gs://tfg-stream-bucket-2026/TEST.m3u8
.

Average throughput: 58.4MiB/s
At file:///home/pablo_perez92/stream-project/hls/**, worker process 214859 thread 140471824947008 listed 24...
At gs://tfg-stream-bucket-2026/**, worker process 214859 thread 140471824947008 listed 24...
Copying file:///home/pablo_perez92/stream-project/hls/TEST-76.ts to gs://tfg-stream-bucket-2026/TEST-76.ts
  
.
At file:///home/pablo_perez92/stream-project/hls/**, worker process 214904 thread 140684582401856 listed 24...
At gs://tfg-stream-bucket-2026/**, worker process 214904 thread 140684582401856 listed 24...
Copying file:///home/pablo_perez92/stream-project/hls/TEST-76.ts to gs://tfg-stream-bucket-2026/TEST-76.ts
  
..
At file:///home/pablo_perez92/stream-project/hls/**, worker process 214949 thread 140417610778432 listed 25...
At gs://tfg-stream-bucket-2026/**, worker process 214949 thread 140417610778432 listed 24...
Copying file:///home/pablo_perez92/stream-project/hls/TEST-76.ts to gs://tfg-stream-bucket-2026/TEST-76.ts
Copying file:///home/pablo_perez92/stream-project/hls/TEST-77.ts to gs://tfg-stream-bucket-2026/TEST-77.ts
  
Copying file:///home/pablo_perez92/stream-project/hls/TEST.m3u8 to gs://tfg-stream-bucket-2026/TEST.m3u8
.

Average throughput: 47.3MiB/s
At file:///home/pablo_perez92/stream-project/hls/**, worker process 214994 thread 140653592786752 listed 25...
At gs://tfg-stream-bucket-2026/**, worker process 214994 thread 140653592786752 listed 25...
Copying file:///home/pablo_perez92/stream-project/hls/TEST-77.ts to gs://tfg-stream-bucket-2026/TEST-77.ts
  
.
At file:///home/pablo_perez92/stream-project/hls/**, worker process 215040 thread 139781418174272 listed 25...
At gs://tfg-stream-bucket-2026/**, worker process 215040 thread 139781418174272 listed 25...
Copying file:///home/pablo_perez92/stream-project/hls/TEST-77.ts to gs://tfg-stream-bucket-2026/TEST-77.ts
  
..
At file:///home/pablo_perez92/stream-project/hls/**, worker process 215085 thread 139654206560064 listed 26...
At gs://tfg-stream-bucket-2026/**, worker process 215085 thread 139654206560064 listed 25...
Copying file:///home/pablo_perez92/stream-project/hls/TEST-77.ts to gs://tfg-stream-bucket-2026/TEST-77.ts
Copying file:///home/pablo_perez92/stream-project/hls/TEST-78.ts to gs://tfg-stream-bucket-2026/TEST-78.ts
  
Copying file:///home/pablo_perez92/stream-project/hls/TEST.m3u8 to gs://tfg-stream-bucket-2026/TEST.m3u8
.

Average throughput: 62.6MiB/s
At file:///home/pablo_perez92/stream-project/hls/**, worker process 215130 thread 140682562774848 listed 26...
At gs://tfg-stream-bucket-2026/**, worker process 215130 thread 140682562774848 listed 26...
Copying file:///home/pablo_perez92/stream-project/hls/TEST-78.ts to gs://tfg-stream-bucket-2026/TEST-78.ts
  
.
At file:///home/pablo_perez92/stream-project/hls/**, worker process 215179 thread 140030571616064 listed 26...
At gs://tfg-stream-bucket-2026/**, worker process 215179 thread 140030571616064 listed 26...
Copying file:///home/pablo_perez92/stream-project/hls/TEST-78.ts to gs://tfg-stream-bucket-2026/TEST-78.ts
  
..
At file:///home/pablo_perez92/stream-project/hls/**, worker process 215224 thread 140142999148352 listed 27...
At gs://tfg-stream-bucket-2026/**, worker process 215224 thread 140142999148352 listed 26...
Copying file:///home/pablo_perez92/stream-project/hls/TEST-78.ts to gs://tfg-stream-bucket-2026/TEST-78.ts
Copying file:///home/pablo_perez92/stream-project/hls/TEST-79.ts to gs://tfg-stream-bucket-2026/TEST-79.ts
  
Copying file:///home/pablo_perez92/stream-project/hls/TEST.m3u8 to gs://tfg-stream-bucket-2026/TEST.m3u8
.

Average throughput: 71.4MiB/s
At file:///home/pablo_perez92/stream-project/hls/**, worker process 215346 thread 140175979558720 listed 27...
At gs://tfg-stream-bucket-2026/**, worker process 215346 thread 140175979558720 listed 27...
Copying file:///home/pablo_perez92/stream-project/hls/TEST-79.ts to gs://tfg-stream-bucket-2026/TEST-79.ts
  
.
At file:///home/pablo_perez92/stream-project/hls/**, worker process 215391 thread 140219349419840 listed 27...
At gs://tfg-stream-bucket-2026/**, worker process 215391 thread 140219349419840 listed 27...
Copying file:///home/pablo_perez92/stream-project/hls/TEST-79.ts to gs://tfg-stream-bucket-2026/TEST-79.ts
  
..
At file:///home/pablo_perez92/stream-project/hls/**, worker process 215437 thread 140006337062720 listed 28...
At gs://tfg-stream-bucket-2026/**, worker process 215437 thread 140006337062720 listed 27...
Copying file:///home/pablo_perez92/stream-project/hls/TEST-79.ts to gs://tfg-stream-bucket-2026/TEST-79.ts
Copying file:///home/pablo_perez92/stream-project/hls/TEST-80.ts to gs://tfg-stream-bucket-2026/TEST-80.ts
  
Copying file:///home/pablo_perez92/stream-project/hls/TEST.m3u8 to gs://tfg-stream-bucket-2026/TEST.m3u8
.

Average throughput: 91.9MiB/s
At file:///home/pablo_perez92/stream-project/hls/**, worker process 215482 thread 140061840308032 listed 28...
At gs://tfg-stream-bucket-2026/**, worker process 215482 thread 140061840308032 listed 28...
Copying file:///home/pablo_perez92/stream-project/hls/TEST-80.ts to gs://tfg-stream-bucket-2026/TEST-80.ts
  
.
At file:///home/pablo_perez92/stream-project/hls/**, worker process 215527 thread 140493580261184 listed 28...
At gs://tfg-stream-bucket-2026/**, worker process 215527 thread 140493580261184 listed 28...
Copying file:///home/pablo_perez92/stream-project/hls/TEST-80.ts to gs://tfg-stream-bucket-2026/TEST-80.ts
  
..
At file:///home/pablo_perez92/stream-project/hls/**, worker process 215572 thread 139775670728512 listed 29...
At gs://tfg-stream-bucket-2026/**, worker process 215572 thread 139775670728512 listed 28...
Copying file:///home/pablo_perez92/stream-project/hls/TEST-80.ts to gs://tfg-stream-bucket-2026/TEST-80.ts
Copying file:///home/pablo_perez92/stream-project/hls/TEST-81.ts to gs://tfg-stream-bucket-2026/TEST-81.ts
  
Copying file:///home/pablo_perez92/stream-project/hls/TEST.m3u8 to gs://tfg-stream-bucket-2026/TEST.m3u8
.

Average throughput: 68.4MiB/s
At file:///home/pablo_perez92/stream-project/hls/**, worker process 215618 thread 140400642029376 listed 29...
At gs://tfg-stream-bucket-2026/**, worker process 215618 thread 140400642029376 listed 29...
Copying file:///home/pablo_perez92/stream-project/hls/TEST-81.ts to gs://tfg-stream-bucket-2026/TEST-81.ts
  
.
At file:///home/pablo_perez92/stream-project/hls/**, worker process 215663 thread 140705981466432 listed 29...
At gs://tfg-stream-bucket-2026/**, worker process 215663 thread 140705981466432 listed 29...
Copying file:///home/pablo_perez92/stream-project/hls/TEST-81.ts to gs://tfg-stream-bucket-2026/TEST-81.ts
  
..
At file:///home/pablo_perez92/stream-project/hls/**, worker process 215708 thread 140299184248640 listed 30...
At gs://tfg-stream-bucket-2026/**, worker process 215708 thread 140299184248640 listed 29...
Copying file:///home/pablo_perez92/stream-project/hls/TEST-81.ts to gs://tfg-stream-bucket-2026/TEST-81.ts
Copying file:///home/pablo_perez92/stream-project/hls/TEST-82.ts to gs://tfg-stream-bucket-2026/TEST-82.ts
  
Copying file:///home/pablo_perez92/stream-project/hls/TEST.m3u8 to gs://tfg-stream-bucket-2026/TEST.m3u8
.

Average throughput: 49.5MiB/s
At file:///home/pablo_perez92/stream-project/hls/**, worker process 215754 thread 140599024953152 listed 30...
At gs://tfg-stream-bucket-2026/**, worker process 215754 thread 140599024953152 listed 30...
Copying file:///home/pablo_perez92/stream-project/hls/TEST-82.ts to gs://tfg-stream-bucket-2026/TEST-82.ts
  
.
At file:///home/pablo_perez92/stream-project/hls/**, worker process 215799 thread 140498418894656 listed 30...
At gs://tfg-stream-bucket-2026/**, worker process 215799 thread 140498418894656 listed 30...
Copying file:///home/pablo_perez92/stream-project/hls/TEST-82.ts to gs://tfg-stream-bucket-2026/TEST-82.ts
  
..
At file:///home/pablo_perez92/stream-project/hls/**, worker process 215844 thread 139819565664064 listed 31...
At gs://tfg-stream-bucket-2026/**, worker process 215844 thread 139819565664064 listed 30...
Copying file:///home/pablo_perez92/stream-project/hls/TEST-82.ts to gs://tfg-stream-bucket-2026/TEST-82.ts
Copying file:///home/pablo_perez92/stream-project/hls/TEST-83.ts to gs://tfg-stream-bucket-2026/TEST-83.ts
  
Copying file:///home/pablo_perez92/stream-project/hls/TEST.m3u8 to gs://tfg-stream-bucket-2026/TEST.m3u8
.

Average throughput: 65.9MiB/s
At file:///home/pablo_perez92/stream-project/hls/**, worker process 215889 thread 139866390312768 listed 17...
At gs://tfg-stream-bucket-2026/**, worker process 215889 thread 139866390312768 listed 31...
  
Removing gs://tfg-stream-bucket-2026/TEST-54.ts#1775308602507482...
Removing gs://tfg-stream-bucket-2026/TEST-56.ts#1775308619314026...
Removing gs://tfg-stream-bucket-2026/TEST-60.ts#1775308653191223...
Removing gs://tfg-stream-bucket-2026/TEST-67.ts#1775308712642177...
Removing gs://tfg-stream-bucket-2026/TEST-66.ts#1775308704079190...
Copying file:///home/pablo_perez92/stream-project/hls/TEST-83.ts to gs://tfg-stream-bucket-2026/TEST-83.ts
Removing gs://tfg-stream-bucket-2026/TEST-65.ts#1775308695641481...
Removing gs://tfg-stream-bucket-2026/TEST-64.ts#1775308687081636...
Removing gs://tfg-stream-bucket-2026/TEST-63.ts#1775308678503353...
Removing gs://tfg-stream-bucket-2026/TEST-62.ts#1775308670092053...
Removing gs://tfg-stream-bucket-2026/TEST-61.ts#1775308661679159...
Removing gs://tfg-stream-bucket-2026/TEST-59.ts#1775308644582296...
Removing gs://tfg-stream-bucket-2026/TEST-58.ts#1775308636148968...
Removing gs://tfg-stream-bucket-2026/TEST-57.ts#1775308627753165...
Removing gs://tfg-stream-bucket-2026/TEST-55.ts#1775308610897533...
..
At file:///home/pablo_perez92/stream-project/hls/**, worker process 216022 thread 139627335817024 listed 17...
At gs://tfg-stream-bucket-2026/**, worker process 216022 thread 139627335817024 listed 17...
Copying file:///home/pablo_perez92/stream-project/hls/TEST-83.ts to gs://tfg-stream-bucket-2026/TEST-83.ts
  
..
At file:///home/pablo_perez92/stream-project/hls/**, worker process 216067 thread 139623774463808 listed 18...
At gs://tfg-stream-bucket-2026/**, worker process 216067 thread 139623774463808 listed 17...
Copying file:///home/pablo_perez92/stream-project/hls/TEST-83.ts to gs://tfg-stream-bucket-2026/TEST-83.ts
Copying file:///home/pablo_perez92/stream-project/hls/TEST-84.ts to gs://tfg-stream-bucket-2026/TEST-84.ts
  
Copying file:///home/pablo_perez92/stream-project/hls/TEST.m3u8 to gs://tfg-stream-bucket-2026/TEST.m3u8
.

Average throughput: 62.3MiB/s
At file:///home/pablo_perez92/stream-project/hls/**, worker process 216112 thread 140139962419008 listed 18...
At gs://tfg-stream-bucket-2026/**, worker process 216112 thread 140139962419008 listed 18...
Copying file:///home/pablo_perez92/stream-project/hls/TEST-84.ts to gs://tfg-stream-bucket-2026/TEST-84.ts
  
.
At file:///home/pablo_perez92/stream-project/hls/**, worker process 216158 thread 140060490733376 listed 18...
At gs://tfg-stream-bucket-2026/**, worker process 216158 thread 140060490733376 listed 18...
Copying file:///home/pablo_perez92/stream-project/hls/TEST-84.ts to gs://tfg-stream-bucket-2026/TEST-84.ts
  
..
At file:///home/pablo_perez92/stream-project/hls/**, worker process 216203 thread 140676491216704 listed 19...
At gs://tfg-stream-bucket-2026/**, worker process 216203 thread 140676491216704 listed 18...
Copying file:///home/pablo_perez92/stream-project/hls/TEST-84.ts to gs://tfg-stream-bucket-2026/TEST-84.ts
Copying file:///home/pablo_perez92/stream-project/hls/TEST-85.ts to gs://tfg-stream-bucket-2026/TEST-85.ts
  
Copying file:///home/pablo_perez92/stream-project/hls/TEST.m3u8 to gs://tfg-stream-bucket-2026/TEST.m3u8
..

Average throughput: 49.0MiB/s
At file:///home/pablo_perez92/stream-project/hls/**, worker process 216248 thread 140616716150592 listed 19...
At gs://tfg-stream-bucket-2026/**, worker process 216248 thread 140616716150592 listed 19...
Copying file:///home/pablo_perez92/stream-project/hls/TEST-85.ts to gs://tfg-stream-bucket-2026/TEST-85.ts
  
.
At file:///home/pablo_perez92/stream-project/hls/**, worker process 216297 thread 139641310603072 listed 19...
At gs://tfg-stream-bucket-2026/**, worker process 216297 thread 139641310603072 listed 19...
Copying file:///home/pablo_perez92/stream-project/hls/TEST-85.ts to gs://tfg-stream-bucket-2026/TEST-85.ts
  
..
At file:///home/pablo_perez92/stream-project/hls/**, worker process 216343 thread 139836035491648 listed 20...
At gs://tfg-stream-bucket-2026/**, worker process 216343 thread 139836035491648 listed 19...
Copying file:///home/pablo_perez92/stream-project/hls/TEST-85.ts to gs://tfg-stream-bucket-2026/TEST-85.ts
Copying file:///home/pablo_perez92/stream-project/hls/TEST-86.ts to gs://tfg-stream-bucket-2026/TEST-86.ts
  
Copying file:///home/pablo_perez92/stream-project/hls/TEST.m3u8 to gs://tfg-stream-bucket-2026/TEST.m3u8
.

Average throughput: 80.5MiB/s
At gs://tfg-stream-bucket-2026/**, worker process 216388 thread 140290023499584 listed 20...
  
Removing gs://tfg-stream-bucket-2026/TEST-68.ts#1775308721118535...
Removing gs://tfg-stream-bucket-2026/TEST-70.ts#1775308738069447...
Removing gs://tfg-stream-bucket-2026/TEST-74.ts#1775308768915232...
Removing gs://tfg-stream-bucket-2026/TEST-82.ts#1775308835786637...
Removing gs://tfg-stream-bucket-2026/TEST.m3u8#1775308861061427...
Removing gs://tfg-stream-bucket-2026/TEST-85.ts#1775308861168324...
Removing gs://tfg-stream-bucket-2026/TEST-86.ts#1775308861066061...
Removing gs://tfg-stream-bucket-2026/TEST-84.ts#1775308852666072...
Removing gs://tfg-stream-bucket-2026/TEST-81.ts#1775308827437462...
Removing gs://tfg-stream-bucket-2026/TEST-79.ts#1775308810724704...
Removing gs://tfg-stream-bucket-2026/TEST-78.ts#1775308802384606...
Removing gs://tfg-stream-bucket-2026/TEST-83.ts#1775308844296663...
Removing gs://tfg-stream-bucket-2026/TEST-77.ts#1775308794037922...
Removing gs://tfg-stream-bucket-2026/TEST-80.ts#1775308819066711...
Removing gs://tfg-stream-bucket-2026/TEST-76.ts#1775308785606458...
Removing gs://tfg-stream-bucket-2026/TEST-73.ts#1775308760566970...
Removing gs://tfg-stream-bucket-2026/TEST-75.ts#1775308777253329...
Removing gs://tfg-stream-bucket-2026/TEST-69.ts#1775308729662542...
Removing gs://tfg-stream-bucket-2026/TEST-71.ts#1775308743805232...
Removing gs://tfg-stream-bucket-2026/TEST-72.ts#1775308754802356...
.
  

At file:///home/pablo_perez92/stream-project/hls/**, worker process 216561 thread 140475790096192 listed 2...
Copying file:///home/pablo_perez92/stream-project/hls/TEST-87.ts to gs://tfg-stream-bucket-2026/TEST-87.ts
Copying file:///home/pablo_perez92/stream-project/hls/TEST.m3u8 to gs://tfg-stream-bucket-2026/TEST.m3u8
  
.

Average throughput: 16.3MiB/s
At file:///home/pablo_perez92/stream-project/hls/**, worker process 216651 thread 140407119886144 listed 2...
At gs://tfg-stream-bucket-2026/**, worker process 216651 thread 140407119886144 listed 2...
Copying file:///home/pablo_perez92/stream-project/hls/TEST-87.ts to gs://tfg-stream-bucket-2026/TEST-87.ts
  
.
At file:///home/pablo_perez92/stream-project/hls/**, worker process 216696 thread 140496939136832 listed 2...
At gs://tfg-stream-bucket-2026/**, worker process 216696 thread 140496939136832 listed 2...
Copying file:///home/pablo_perez92/stream-project/hls/TEST-87.ts to gs://tfg-stream-bucket-2026/TEST-87.ts
  
..
At file:///home/pablo_perez92/stream-project/hls/**, worker process 216741 thread 140097486788416 listed 3...
At gs://tfg-stream-bucket-2026/**, worker process 216741 thread 140097486788416 listed 2...
Copying file:///home/pablo_perez92/stream-project/hls/TEST-87.ts to gs://tfg-stream-bucket-2026/TEST-87.ts
Copying file:///home/pablo_perez92/stream-project/hls/TEST-88.ts to gs://tfg-stream-bucket-2026/TEST-88.ts
  
Copying file:///home/pablo_perez92/stream-project/hls/TEST.m3u8 to gs://tfg-stream-bucket-2026/TEST.m3u8
.

Average throughput: 77.9MiB/s
At file:///home/pablo_perez92/stream-project/hls/**, worker process 216787 thread 139866864506688 listed 3...
At gs://tfg-stream-bucket-2026/**, worker process 216787 thread 139866864506688 listed 3...
Copying file:///home/pablo_perez92/stream-project/hls/TEST-88.ts to gs://tfg-stream-bucket-2026/TEST-88.ts
  
.
At file:///home/pablo_perez92/stream-project/hls/**, worker process 216832 thread 140442335913792 listed 3...
At gs://tfg-stream-bucket-2026/**, worker process 216832 thread 140442335913792 listed 3...
Copying file:///home/pablo_perez92/stream-project/hls/TEST-88.ts to gs://tfg-stream-bucket-2026/TEST-88.ts
  
..
At file:///home/pablo_perez92/stream-project/hls/**, worker process 216877 thread 140386463319872 listed 3...
At gs://tfg-stream-bucket-2026/**, worker process 216877 thread 140386463319872 listed 3...
Copying file:///home/pablo_perez92/stream-project/hls/TEST-88.ts to gs://tfg-stream-bucket-2026/TEST-88.ts
Copying file:///home/pablo_perez92/stream-project/hls/TEST.m3u8 to gs://tfg-stream-bucket-2026/TEST.m3u8
  
..

Average throughput: 26.9MiB/s
At gs://tfg-stream-bucket-2026/**, worker process 216922 thread 140119685019456 listed 3...
  
Removing gs://tfg-stream-bucket-2026/TEST-87.ts#1775308877475567...
Removing gs://tfg-stream-bucket-2026/TEST-88.ts#1775308886100196...
Removing gs://tfg-stream-bucket-2026/TEST.m3u8#1775308885715062...

  

  

  

  

  

  

  

  

  

  

  

  

  

  

  

  

  

  

  

  

  

  

  

  

  

  

  

  

  

  

  

  

  

  

  

  

  

  

  

  

  

  

  

  

  

  

  

  

  

  

  

  

  

  

  

  

  

  

  

  

  

  

  

  

  

  

  

  

  

  

  

  

  

  

  

  

  

  

  

  

  

  

  

At file:///home/pablo_perez92/stream-project/hls/**, worker process 220530 thread 139911923717952 listed 1...
Copying file:///home/pablo_perez92/stream-project/hls/TEST-0.ts to gs://tfg-stream-bucket-2026/TEST-0.ts
  
.
At file:///home/pablo_perez92/stream-project/hls/**, worker process 220576 thread 140280673285952 listed 1...
At gs://tfg-stream-bucket-2026/**, worker process 220576 thread 140280673285952 listed 1...
Copying file:///home/pablo_perez92/stream-project/hls/TEST-0.ts to gs://tfg-stream-bucket-2026/TEST-0.ts
  
.
At file:///home/pablo_perez92/stream-project/hls/**, worker process 220621 thread 139863637894976 listed 1...
At gs://tfg-stream-bucket-2026/**, worker process 220621 thread 139863637894976 listed 1...
Copying file:///home/pablo_perez92/stream-project/hls/TEST-0.ts to gs://tfg-stream-bucket-2026/TEST-0.ts
  
..
At file:///home/pablo_perez92/stream-project/hls/**, worker process 220668 thread 140512471525184 listed 3...
At gs://tfg-stream-bucket-2026/**, worker process 220668 thread 140512471525184 listed 1...
Copying file:///home/pablo_perez92/stream-project/hls/TEST-0.ts to gs://tfg-stream-bucket-2026/TEST-0.ts
Copying file:///home/pablo_perez92/stream-project/hls/TEST-1.ts to gs://tfg-stream-bucket-2026/TEST-1.ts
  
Copying file:///home/pablo_perez92/stream-project/hls/TEST.m3u8 to gs://tfg-stream-bucket-2026/TEST.m3u8
.

Average throughput: 60.9MiB/s
At file:///home/pablo_perez92/stream-project/hls/**, worker process 220714 thread 140372868585280 listed 3...
At gs://tfg-stream-bucket-2026/**, worker process 220714 thread 140372868585280 listed 3...
Copying file:///home/pablo_perez92/stream-project/hls/TEST-1.ts to gs://tfg-stream-bucket-2026/TEST-1.ts
  
.
At file:///home/pablo_perez92/stream-project/hls/**, worker process 220759 thread 140006051940160 listed 3...
At gs://tfg-stream-bucket-2026/**, worker process 220759 thread 140006051940160 listed 3...
Copying file:///home/pablo_perez92/stream-project/hls/TEST-1.ts to gs://tfg-stream-bucket-2026/TEST-1.ts
  
..
At file:///home/pablo_perez92/stream-project/hls/**, worker process 220805 thread 139908852131648 listed 4...
At gs://tfg-stream-bucket-2026/**, worker process 220805 thread 139908852131648 listed 3...
Copying file:///home/pablo_perez92/stream-project/hls/TEST-1.ts to gs://tfg-stream-bucket-2026/TEST-1.ts
Copying file:///home/pablo_perez92/stream-project/hls/TEST-2.ts to gs://tfg-stream-bucket-2026/TEST-2.ts
  
Copying file:///home/pablo_perez92/stream-project/hls/TEST.m3u8 to gs://tfg-stream-bucket-2026/TEST.m3u8
.

Average throughput: 86.8MiB/s
At file:///home/pablo_perez92/stream-project/hls/**, worker process 220850 thread 140647106578240 listed 4...
At gs://tfg-stream-bucket-2026/**, worker process 220850 thread 140647106578240 listed 4...
Copying file:///home/pablo_perez92/stream-project/hls/TEST-2.ts to gs://tfg-stream-bucket-2026/TEST-2.ts
  
.
At file:///home/pablo_perez92/stream-project/hls/**, worker process 220896 thread 140030206129984 listed 4...
At gs://tfg-stream-bucket-2026/**, worker process 220896 thread 140030206129984 listed 4...
Copying file:///home/pablo_perez92/stream-project/hls/TEST-2.ts to gs://tfg-stream-bucket-2026/TEST-2.ts
  
..
At file:///home/pablo_perez92/stream-project/hls/**, worker process 220942 thread 140279053989696 listed 5...
At gs://tfg-stream-bucket-2026/**, worker process 220942 thread 140279053989696 listed 4...
Copying file:///home/pablo_perez92/stream-project/hls/TEST-2.ts to gs://tfg-stream-bucket-2026/TEST-2.ts
Copying file:///home/pablo_perez92/stream-project/hls/TEST-3.ts to gs://tfg-stream-bucket-2026/TEST-3.ts
  
Copying file:///home/pablo_perez92/stream-project/hls/TEST.m3u8 to gs://tfg-stream-bucket-2026/TEST.m3u8
.

Average throughput: 106.9MiB/s
At file:///home/pablo_perez92/stream-project/hls/**, worker process 220992 thread 140666896324416 listed 5...
At gs://tfg-stream-bucket-2026/**, worker process 220992 thread 140666896324416 listed 5...
Copying file:///home/pablo_perez92/stream-project/hls/TEST-3.ts to gs://tfg-stream-bucket-2026/TEST-3.ts
  
.
At file:///home/pablo_perez92/stream-project/hls/**, worker process 221038 thread 140529907574592 listed 5...
At gs://tfg-stream-bucket-2026/**, worker process 221038 thread 140529907574592 listed 5...
Copying file:///home/pablo_perez92/stream-project/hls/TEST-3.ts to gs://tfg-stream-bucket-2026/TEST-3.ts
  
..
At file:///home/pablo_perez92/stream-project/hls/**, worker process 221084 thread 139879282394944 listed 6...
At gs://tfg-stream-bucket-2026/**, worker process 221084 thread 139879282394944 listed 5...
Copying file:///home/pablo_perez92/stream-project/hls/TEST-3.ts to gs://tfg-stream-bucket-2026/TEST-3.ts
Copying file:///home/pablo_perez92/stream-project/hls/TEST-4.ts to gs://tfg-stream-bucket-2026/TEST-4.ts
  
Copying file:///home/pablo_perez92/stream-project/hls/TEST.m3u8 to gs://tfg-stream-bucket-2026/TEST.m3u8
.

Average throughput: 90.2MiB/s
At file:///home/pablo_perez92/stream-project/hls/**, worker process 221129 thread 139625959589696 listed 6...
At gs://tfg-stream-bucket-2026/**, worker process 221129 thread 139625959589696 listed 6...
Copying file:///home/pablo_perez92/stream-project/hls/TEST-4.ts to gs://tfg-stream-bucket-2026/TEST-4.ts
  
.
At file:///home/pablo_perez92/stream-project/hls/**, worker process 221174 thread 139790948886336 listed 6...
At gs://tfg-stream-bucket-2026/**, worker process 221174 thread 139790948886336 listed 6...
Copying file:///home/pablo_perez92/stream-project/hls/TEST-4.ts to gs://tfg-stream-bucket-2026/TEST-4.ts
  
..
At file:///home/pablo_perez92/stream-project/hls/**, worker process 221221 thread 140162953520960 listed 7...
At gs://tfg-stream-bucket-2026/**, worker process 221221 thread 140162953520960 listed 6...
Copying file:///home/pablo_perez92/stream-project/hls/TEST-4.ts to gs://tfg-stream-bucket-2026/TEST-4.ts
Copying file:///home/pablo_perez92/stream-project/hls/TEST-5.ts to gs://tfg-stream-bucket-2026/TEST-5.ts
  
Copying file:///home/pablo_perez92/stream-project/hls/TEST.m3u8 to gs://tfg-stream-bucket-2026/TEST.m3u8
..

Average throughput: 67.6MiB/s
At file:///home/pablo_perez92/stream-project/hls/**, worker process 221266 thread 140038783952704 listed 7...
At gs://tfg-stream-bucket-2026/**, worker process 221266 thread 140038783952704 listed 7...
Copying file:///home/pablo_perez92/stream-project/hls/TEST-5.ts to gs://tfg-stream-bucket-2026/TEST-5.ts
  
..
At file:///home/pablo_perez92/stream-project/hls/**, worker process 221312 thread 139915866343232 listed 7...
At gs://tfg-stream-bucket-2026/**, worker process 221312 thread 139915866343232 listed 7...
Copying file:///home/pablo_perez92/stream-project/hls/TEST-5.ts to gs://tfg-stream-bucket-2026/TEST-5.ts
  
..
At file:///home/pablo_perez92/stream-project/hls/**, worker process 221358 thread 140312169563968 listed 8...
At gs://tfg-stream-bucket-2026/**, worker process 221358 thread 140312169563968 listed 7...
Copying file:///home/pablo_perez92/stream-project/hls/TEST-5.ts to gs://tfg-stream-bucket-2026/TEST-5.ts
Copying file:///home/pablo_perez92/stream-project/hls/TEST-6.ts to gs://tfg-stream-bucket-2026/TEST-6.ts
  
Copying file:///home/pablo_perez92/stream-project/hls/TEST.m3u8 to gs://tfg-stream-bucket-2026/TEST.m3u8
.

Average throughput: 71.1MiB/s
At file:///home/pablo_perez92/stream-project/hls/**, worker process 221403 thread 140334500497216 listed 8...
At gs://tfg-stream-bucket-2026/**, worker process 221403 thread 140334500497216 listed 8...
Copying file:///home/pablo_perez92/stream-project/hls/TEST-6.ts to gs://tfg-stream-bucket-2026/TEST-6.ts
  
.
At file:///home/pablo_perez92/stream-project/hls/**, worker process 221449 thread 139709451650880 listed 8...
At gs://tfg-stream-bucket-2026/**, worker process 221449 thread 139709451650880 listed 8...
Copying file:///home/pablo_perez92/stream-project/hls/TEST-6.ts to gs://tfg-stream-bucket-2026/TEST-6.ts
  
..
At file:///home/pablo_perez92/stream-project/hls/**, worker process 221497 thread 139851241297728 listed 9...
At gs://tfg-stream-bucket-2026/**, worker process 221497 thread 139851241297728 listed 8...
Copying file:///home/pablo_perez92/stream-project/hls/TEST-6.ts to gs://tfg-stream-bucket-2026/TEST-6.ts
Copying file:///home/pablo_perez92/stream-project/hls/TEST-7.ts to gs://tfg-stream-bucket-2026/TEST-7.ts
  
Copying file:///home/pablo_perez92/stream-project/hls/TEST.m3u8 to gs://tfg-stream-bucket-2026/TEST.m3u8
.

Average throughput: 71.7MiB/s
At file:///home/pablo_perez92/stream-project/hls/**, worker process 221543 thread 140076117960512 listed 9...
At gs://tfg-stream-bucket-2026/**, worker process 221543 thread 140076117960512 listed 9...
Copying file:///home/pablo_perez92/stream-project/hls/TEST-7.ts to gs://tfg-stream-bucket-2026/TEST-7.ts
  
..
At file:///home/pablo_perez92/stream-project/hls/**, worker process 221589 thread 140309543921472 listed 9...
At gs://tfg-stream-bucket-2026/**, worker process 221589 thread 140309543921472 listed 9...
Copying file:///home/pablo_perez92/stream-project/hls/TEST-7.ts to gs://tfg-stream-bucket-2026/TEST-7.ts
  
..
At file:///home/pablo_perez92/stream-project/hls/**, worker process 221634 thread 140615958685504 listed 10...
At gs://tfg-stream-bucket-2026/**, worker process 221634 thread 140615958685504 listed 9...
Copying file:///home/pablo_perez92/stream-project/hls/TEST-7.ts to gs://tfg-stream-bucket-2026/TEST-7.ts
Copying file:///home/pablo_perez92/stream-project/hls/TEST-8.ts to gs://tfg-stream-bucket-2026/TEST-8.ts
  
Copying file:///home/pablo_perez92/stream-project/hls/TEST.m3u8 to gs://tfg-stream-bucket-2026/TEST.m3u8
..

Average throughput: 77.0MiB/s
At file:///home/pablo_perez92/stream-project/hls/**, worker process 221680 thread 140052539049792 listed 10...
At gs://tfg-stream-bucket-2026/**, worker process 221680 thread 140052539049792 listed 10...
Copying file:///home/pablo_perez92/stream-project/hls/TEST-8.ts to gs://tfg-stream-bucket-2026/TEST-8.ts
  
..
At file:///home/pablo_perez92/stream-project/hls/**, worker process 221726 thread 140282575341376 listed 11...
At gs://tfg-stream-bucket-2026/**, worker process 221726 thread 140282575341376 listed 10...
Copying file:///home/pablo_perez92/stream-project/hls/TEST-8.ts to gs://tfg-stream-bucket-2026/TEST-8.ts
Copying file:///home/pablo_perez92/stream-project/hls/TEST-9.ts to gs://tfg-stream-bucket-2026/TEST-9.ts
  
Copying file:///home/pablo_perez92/stream-project/hls/TEST.m3u8 to gs://tfg-stream-bucket-2026/TEST.m3u8
.

Average throughput: 88.0MiB/s
At file:///home/pablo_perez92/stream-project/hls/**, worker process 221771 thread 140715708081984 listed 11...
At gs://tfg-stream-bucket-2026/**, worker process 221771 thread 140715708081984 listed 11...
Copying file:///home/pablo_perez92/stream-project/hls/TEST-9.ts to gs://tfg-stream-bucket-2026/TEST-9.ts
  
.
